EKG,T,,,,,
243,2,86.98926756,0.053183681,11.68831169,0.041833001,0
244,3,,,,,
246,4,,,,,
247,5,,,,,
248,6,,,,,
248,7,,,,,
249,8,,,,,
250,9,,,,,
251,10,,,,,
250,11,,,,,
257,19,,,,,
258,27,,,,,
265,35,,,,,
266,45,,,,,
279,53,,,,,
287,61,,,,,
299,69,,,,,
297,77,,,,,
307,86,,,,,
303,94,,,,,
309,102,,,,,
305,112,,,,,
310,121,,,,,
314,131,,,,,
313,140,,,,,
315,149,,,,,
319,158,,,,,
323,167,,,,,
328,178,,,,,
336,187,,,,,
331,196,,,,,
341,205,,,,,
401,215,,,,,
455,224,,,,,
435,233,,,,,
367,242,,,,,
356,252,,,,,
351,262,,,,,
356,271,,,,,
350,280,,,,,
353,289,,,,,
357,299,,,,,
363,308,,,,,
359,318,,,,,
365,327,,,,,
374,336,,,,,
366,346,,,,,
376,355,,,,,
376,364,,,,,
379,373,,,,,
379,384,,,,,
378,393,,,,,
388,402,,,,,
391,411,,,,,
390,420,,,,,
390,430,,,,,
399,439,,,,,
394,449,,,,,
402,458,,,,,
397,467,,,,,
401,477,,,,,
399,486,,,,,
406,495,,,,,
399,504,,,,,
397,515,,,,,
399,524,,,,,
383,533,,,,,
377,542,,,,,
384,551,,,,,
379,561,,,,,
379,570,,,,,
376,580,,,,,
375,589,,,,,
375,599,,,,,
372,608,,,,,
384,617,,,,,
387,626,,,,,
384,635,,,,,
383,646,,,,,
376,655,,,,,
378,664,,,,,
381,673,,,,,
380,683,,,,,
383,692,,,,,
379,701,,,,,
372,711,,,,,
375,720,,,,,
378,730,,,,,
374,739,,,,,
371,748,,,,,
374,757,,,,,
373,766,,,,,
381,777,,,,,
385,786,,,,,
377,795,,,,,
371,804,,,,,
362,814,,,,,
352,823,,,,,
366,832,,,,,
358,841,,,,,
349,851,,,,,
359,861,,,,,
359,870,,,,,
358,879,,,,,
353,888,,,,,
337,898,,,,,
364,907,,,,,
428,917,,,,,
458,926,,,,,
421,935,,,,,
369,945,,,,,
341,954,,,,,
336,963,,,,,
341,972,,,,,
332,983,,,,,
346,992,,,,,
340,1001,,,,,
334,1011,,,,,
340,1021,,,,,
343,1032,,,,,
344,1043,,,,,
342,1053,,,,,
345,1063,,,,,
344,1074,,,,,
351,1084,,,,,
346,1094,,,,,
341,1104,,,,,
357,1116,,,,,
354,1126,,,,,
352,1136,,,,,
346,1146,,,,,
360,1157,,,,,
357,1167,,,,,
355,1178,,,,,
363,1188,,,,,
362,1199,,,,,
354,1209,,,,,
340,1219,,,,,
339,1229,,,,,
345,1240,,,,,
335,1251,,,,,
337,1261,,,,,
330,1271,,,,,
331,1282,,,,,
333,1292,,,,,
336,1302,,,,,
328,1313,,,,,
330,1324,,,,,
320,1334,,,,,
334,1344,,,,,
339,1354,,,,,
340,1364,,,,,
335,1376,,,,,
333,1386,,,,,
331,1396,,,,,
323,1406,,,,,
333,1417,,,,,
335,1427,,,,,
332,1437,,,,,
328,1448,,,,,
335,1459,,,,,
334,1469,,,,,
339,1479,,,,,
336,1489,,,,,
340,1500,,,,,
339,1511,,,,,
334,1521,,,,,
323,1531,,,,,
323,1542,,,,,
321,1552,,,,,
321,1562,,,,,
313,1572,,,,,
318,1584,,,,,
309,1594,,,,,
303,1604,,,,,
310,1614,,,,,
328,1625,,,,,
401,1635,,,,,
429,1646,,,,,
357,1656,,,,,
315,1667,,,,,
307,1677,,,,,
300,1687,,,,,
302,1697,,,,,
303,1709,,,,,
303,1719,,,,,
294,1729,,,,,
304,1739,,,,,
306,1750,,,,,
304,1760,,,,,
305,1770,,,,,
309,1781,,,,,
310,1792,,,,,
305,1802,,,,,
315,1812,,,,,
311,1822,,,,,
319,1832,,,,,
324,1844,,,,,
317,1854,,,,,
317,1864,,,,,
330,1874,,,,,
329,1885,,,,,
323,1895,,,,,
335,1905,,,,,
333,1916,,,,,
319,1927,,,,,
319,1937,,,,,
311,1947,,,,,
307,1957,,,,,
308,1968,,,,,
310,1979,,,,,
303,1989,,,,,
302,1999,,,,,
305,2010,,,,,
294,2020,,,,,
312,2030,,,,,
309,2041,,,,,
307,2052,,,,,
319,2062,,,,,
313,2072,,,,,
308,2082,,,,,
307,2093,,,,,
310,2103,,,,,
306,2114,,,,,
318,2124,,,,,
314,2135,,,,,
318,2145,,,,,
312,2155,,,,,
307,2165,,,,,
313,2177,,,,,
307,2187,,,,,
312,2197,,,,,
308,2207,,,,,
310,2217,,,,,
318,2228,,,,,
317,2238,,,,,
322,2249,,,,,
320,2259,,,,,
323,2270,,,,,
312,2280,,,,,
309,2290,,,,,
300,2300,,,,,
313,2312,,,,,
293,2322,,,,,
302,2332,,,,,
297,2342,,,,,
299,2353,,,,,
296,2363,,,,,
289,2374,,,,,
322,2384,,,,,
404,2395,,,,,
417,2405,,,,,
339,2415,,,,,
308,2425,,,,,
303,2436,,,,,
303,2447,,,,,
298,2457,,,,,
303,2467,,,,,
302,2478,,,,,
305,2488,,,,,
307,2498,,,,,
310,2509,,,,,
309,2520,,,,,
312,2530,,,,,
306,2540,,,,,
322,2550,,,,,
318,2561,,,,,
307,2571,,,,,
326,2582,,,,,
324,2592,,,,,
326,2603,,,,,
340,2613,,,,,
335,2623,,,,,
327,2633,,,,,
335,2644,,,,,
343,2655,,,,,
347,2665,,,,,
342,2675,,,,,
342,2685,,,,,
336,2696,,,,,
323,2707,,,,,
318,2717,,,,,
321,2727,,,,,
317,2738,,,,,
316,2748,,,,,
320,2758,,,,,
327,2768,,,,,
316,2780,,,,,
329,2790,,,,,
330,2800,,,,,
332,2810,,,,,
323,2821,,,,,
328,2831,,,,,
332,2842,,,,,
331,2852,,,,,
327,2863,,,,,
334,2873,,,,,
331,2883,,,,,
325,2893,,,,,
333,2904,,,,,
331,2915,,,,,
330,2925,,,,,
330,2935,,,,,
338,2946,,,,,
332,2956,,,,,
330,2966,,,,,
332,2977,,,,,
332,2988,,,,,
339,2998,,,,,
335,3008,,,,,
339,3018,,,,,
348,3028,,,,,
340,3040,,,,,
342,3050,,,,,
330,3060,,,,,
333,3070,,,,,
319,3081,,,,,
318,3091,,,,,
319,3101,,,,,
320,3112,,,,,
312,3123,,,,,
317,3133,,,,,
319,3143,,,,,
307,3153,,,,,
340,3164,,,,,
418,3175,,,,,
431,3185,,,,,
355,3195,,,,,
321,3206,,,,,
315,3216,,,,,
311,3226,,,,,
317,3236,,,,,
311,3248,,,,,
315,3258,,,,,
326,3268,,,,,
323,3278,,,,,
324,3289,,,,,
335,3299,,,,,
329,3310,,,,,
329,3320,,,,,
335,3331,,,,,
337,3341,,,,,
345,3351,,,,,
327,3361,,,,,
347,3373,,,,,
349,3383,,,,,
349,3393,,,,,
353,3403,,,,,
357,3414,,,,,
356,3424,,,,,
355,3434,,,,,
350,3445,,,,,
358,3456,,,,,
356,3466,,,,,
354,3476,,,,,
347,3486,,,,,
341,3496,,,,,
329,3508,,,,,
324,3518,,,,,
335,3528,,,,,
330,3538,,,,,
340,3549,,,,,
333,3559,,,,,
333,3569,,,,,
333,3580,,,,,
340,3591,,,,,
337,3601,,,,,
332,3611,,,,,
333,3621,,,,,
335,3632,,,,,
323,3643,,,,,
321,3653,,,,,
332,3663,,,,,
326,3674,,,,,
320,3684,,,,,
323,3694,,,,,
331,3705,,,,,
321,3716,,,,,
321,3726,,,,,
317,3736,,,,,
321,3746,,,,,
324,3757,,,,,
319,3767,,,,,
324,3778,,,,,
327,3788,,,,,
322,3799,,,,,
329,3809,,,,,
340,3819,,,,,
329,3829,,,,,
326,3841,,,,,
323,3851,,,,,
322,3861,,,,,
314,3871,,,,,
315,3881,,,,,
315,3892,,,,,
319,3902,,,,,
326,3913,,,,,
311,3923,,,,,
350,3934,,,,,
415,3944,,,,,
427,3954,,,,,
358,3964,,,,,
334,3976,,,,,
324,3986,,,,,
330,3996,,,,,
325,4006,,,,,
329,4017,,,,,
331,4027,,,,,
331,4038,,,,,
328,4048,,,,,
344,4059,,,,,
337,4069,,,,,
346,4079,,,,,
347,4089,,,,,
350,4100,,,,,
349,4111,,,,,
357,4121,,,,,
352,4131,,,,,
361,4142,,,,,
365,4152,,,,,
372,4162,,,,,
370,4173,,,,,
373,4184,,,,,
380,4194,,,,,
373,4204,,,,,
363,4214,,,,,
378,4225,,,,,
368,4235,,,,,
361,4246,,,,,
356,4256,,,,,
349,4267,,,,,
343,4277,,,,,
346,4287,,,,,
341,4297,,,,,
342,4308,,,,,
345,4319,,,,,
341,4329,,,,,
346,4339,,,,,
342,4349,,,,,
346,4360,,,,,
334,4371,,,,,
337,4381,,,,,
344,4391,,,,,
345,4402,,,,,
340,4412,,,,,
338,4422,,,,,
336,4432,,,,,
337,4444,,,,,
333,4454,,,,,
335,4464,,,,,
339,4474,,,,,
332,4485,,,,,
330,4495,,,,,
331,4506,,,,,
330,4516,,,,,
334,4527,,,,,
333,4537,,,,,
334,4547,,,,,
336,4557,,,,,
334,4568,,,,,
336,4579,,,,,
335,4589,,,,,
324,4599,,,,,
311,4610,,,,,
317,4620,,,,,
321,4630,,,,,
315,4641,,,,,
323,4652,,,,,
322,4662,,,,,
308,4672,,,,,
310,4682,,,,,
336,4692,,,,,
408,4704,,,,,
427,4714,,,,,
367,4724,,,,,
350,4734,,,,,
344,4745,,,,,
349,4755,,,,,
348,4765,,,,,
355,4776,,,,,
355,4787,,,,,
356,4797,,,,,
357,4807,,,,,
351,4817,,,,,
362,4828,,,,,
352,4839,,,,,
361,4849,,,,,
362,4859,,,,,
360,4870,,,,,
357,4880,,,,,
363,4890,,,,,
361,4900,,,,,
361,4912,,,,,
369,4922,,,,,
374,4932,,,,,
372,4942,,,,,
375,4953,,,,,
369,4963,,,,,
366,4974,,,,,
365,4984,,,,,
356,4995,,,,,
355,5005,,,,,
345,5015,,,,,
339,5025,,,,,
329,5037,,,,,
334,5047,,,,,
330,5057,,,,,
334,5067,,,,,
330,5078,,,,,
320,5088,,,,,
320,5098,,,,,
325,5109,,,,,
325,5120,,,,,
329,5130,,,,,
325,5140,,,,,
328,5150,,,,,
318,5160,,,,,
317,5172,,,,,
313,5182,,,,,
318,5192,,,,,
319,5202,,,,,
319,5213,,,,,
320,5223,,,,,
311,5233,,,,,
312,5244,,,,,
317,5255,,,,,
315,5265,,,,,
314,5275,,,,,
309,5285,,,,,
314,5296,,,,,
312,5307,,,,,
311,5317,,,,,
313,5327,,,,,
310,5338,,,,,
312,5348,,,,,
318,5358,,,,,
319,5369,,,,,
320,5380,,,,,
315,5390,,,,,
315,5400,,,,,
301,5410,,,,,
301,5421,,,,,
296,5431,,,,,
297,5442,,,,,
295,5452,,,,,
301,5463,,,,,
298,5473,,,,,
283,5483,,,,,
300,5493,,,,,
359,5505,,,,,
406,5515,,,,,
373,5525,,,,,
311,5535,,,,,
295,5545,,,,,
294,5556,,,,,
289,5566,,,,,
286,5577,,,,,
295,5587,,,,,
287,5598,,,,,
301,5608,,,,,
291,5618,,,,,
299,5628,,,,,
296,5640,,,,,
295,5650,,,,,
301,5660,,,,,
298,5670,,,,,
310,5681,,,,,
308,5691,,,,,
309,5702,,,,,
313,5712,,,,,
314,5723,,,,,
313,5733,,,,,
325,5743,,,,,
325,5753,,,,,
329,5764,,,,,
318,5775,,,,,
332,5785,,,,,
327,5795,,,,,
326,5806,,,,,
311,5816,,,,,
307,5826,,,,,
301,5837,,,,,
302,5848,,,,,
301,5858,,,,,
300,5868,,,,,
306,5878,,,,,
300,5889,,,,,
303,5899,,,,,
304,5910,,,,,
302,5920,,,,,
308,5931,,,,,
310,5941,,,,,
307,5951,,,,,
315,5961,,,,,
310,5972,,,,,
317,5983,,,,,
316,5993,,,,,
309,6003,,,,,
311,6013,,,,,
318,6024,,,,,
316,6035,,,,,
317,6045,,,,,
313,6055,,,,,
313,6066,,,,,
319,6076,,,,,
314,6086,,,,,
319,6096,,,,,
315,6108,,,,,
305,6118,,,,,
323,6128,,,,,
320,6138,,,,,
317,6149,,,,,
319,6159,,,,,
322,6170,,,,,
317,6180,,,,,
327,6191,,,,,
318,6201,,,,,
333,6211,,,,,
331,6221,,,,,
335,6232,,,,,
334,6243,,,,,
327,6253,,,,,
323,6263,,,,,
319,6274,,,,,
316,6284,,,,,
322,6294,,,,,
324,6305,,,,,
315,6316,,,,,
322,6326,,,,,
308,6336,,,,,
327,6346,,,,,
415,6356,,,,,
436,6368,,,,,
372,6378,,,,,
327,6388,,,,,
320,6398,,,,,
311,6409,,,,,
308,6419,,,,,
309,6429,,,,,
315,6440,,,,,
322,6451,,,,,
315,6461,,,,,
325,6471,,,,,
321,6481,,,,,
326,6492,,,,,
324,6503,,,,,
326,6513,,,,,
333,6523,,,,,
328,6534,,,,,
333,6544,,,,,
339,6554,,,,,
344,6564,,,,,
333,6576,,,,,
346,6586,,,,,
342,6596,,,,,
350,6606,,,,,
346,6617,,,,,
347,6627,,,,,
347,6638,,,,,
346,6648,,,,,
331,6659,,,,,
332,6669,,,,,
324,6679,,,,,
312,6689,,,,,
306,6701,,,,,
292,6711,,,,,
302,6721,,,,,
289,6731,,,,,
301,6742,,,,,
298,6752,,,,,
291,6762,,,,,
288,6773,,,,,
295,6784,,,,,
295,6794,,,,,
292,6804,,,,,
295,6814,,,,,
291,6824,,,,,
300,6836,,,,,
297,6846,,,,,
302,6856,,,,,
299,6866,,,,,
295,6877,,,,,
299,6887,,,,,
300,6897,,,,,
293,6908,,,,,
289,6919,,,,,
293,6929,,,,,
292,6939,,,,,
287,6949,,,,,
289,6960,,,,,
294,6971,,,,,
297,6981,,,,,
295,6991,,,,,
303,7002,,,,,
309,7012,,,,,
307,7022,,,,,
310,7033,,,,,
302,7044,,,,,
307,7054,,,,,
300,7064,,,,,
305,7074,,,,,
302,7085,,,,,
300,7095,,,,,
309,7106,,,,,
301,7116,,,,,
296,7127,,,,,
317,7137,,,,,
377,7147,,,,,
418,7157,,,,,
370,7169,,,,,
315,7179,,,,,
306,7189,,,,,
299,7199,,,,,
303,7209,,,,,
302,7220,,,,,
295,7230,,,,,
289,7241,,,,,
282,7251,,,,,
281,7262,,,,,
287,7272,,,,,
279,7282,,,,,
282,7292,,,,,
284,7304,,,,,
281,7314,,,,,
284,7324,,,,,
288,7334,,,,,
289,7345,,,,,
293,7355,,,,,
296,7366,,,,,
297,7376,,,,,
293,7387,,,,,
311,7397,,,,,
307,7407,,,,,
311,7417,,,,,
309,7428,,,,,
316,7439,,,,,
301,7449,,,,,
299,7459,,,,,
289,7470,,,,,
291,7480,,,,,
291,7490,,,,,
291,7501,,,,,
297,7512,,,,,
293,7522,,,,,
297,7532,,,,,
304,7542,,,,,
296,7553,,,,,
307,7563,,,,,
307,7574,,,,,
310,7584,,,,,
314,7595,,,,,
314,7605,,,,,
315,7615,,,,,
317,7625,,,,,
311,7636,,,,,
307,7647,,,,,
323,7657,,,,,
313,7667,,,,,
328,7677,,,,,
321,7688,,,,,
321,7699,,,,,
320,7709,,,,,
325,7719,,,,,
313,7730,,,,,
328,7740,,,,,
335,7750,,,,,
329,7760,,,,,
330,7772,,,,,
336,7782,,,,,
331,7792,,,,,
318,7802,,,,,
324,7813,,,,,
324,7823,,,,,
324,7834,,,,,
320,7844,,,,,
326,7855,,,,,
318,7865,,,,,
315,7875,,,,,
337,7885,,,,,
400,7896,,,,,
442,7907,,,,,
389,7917,,,,,
337,7927,,,,,
331,7938,,,,,
319,7948,,,,,
327,7958,,,,,
327,7969,,,,,
311,7980,,,,,
328,7990,,,,,
322,8000,,,,,
330,8010,,,,,
334,8020,,,,,
337,8032,,,,,
334,8042,,,,,
339,8052,,,,,
334,8062,,,,,
345,8073,,,,,
343,8083,,,,,
336,8093,,,,,
354,8104,,,,,
352,8115,,,,,
349,8125,,,,,
351,8135,,,,,
357,8145,,,,,
358,8156,,,,,
356,8167,,,,,
363,8177,,,,,
355,8187,,,,,
351,8198,,,,,
338,8208,,,,,
339,8218,,,,,
336,8228,,,,,
333,8240,,,,,
333,8250,,,,,
335,8260,,,,,
334,8270,,,,,
335,8281,,,,,
335,8291,,,,,
339,8302,,,,,
341,8312,,,,,
342,8323,,,,,
340,8333,,,,,
341,8343,,,,,
340,8353,,,,,
337,8365,,,,,
341,8375,,,,,
343,8385,,,,,
340,8395,,,,,
345,8406,,,,,
341,8416,,,,,
347,8426,,,,,
339,8437,,,,,
340,8448,,,,,
338,8458,,,,,
345,8468,,,,,
340,8478,,,,,
353,8488,,,,,
358,8500,,,,,
351,8510,,,,,
358,8520,,,,,
344,8530,,,,,
343,8541,,,,,
334,8551,,,,,
336,8561,,,,,
337,8572,,,,,
338,8583,,,,,
333,8593,,,,,
337,8603,,,,,
328,8613,,,,,
319,8624,,,,,
363,8635,,,,,
436,8645,,,,,
443,8655,,,,,
356,8666,,,,,
326,8676,,,,,
316,8686,,,,,
312,8697,,,,,
320,8708,,,,,
323,8718,,,,,
328,8728,,,,,
323,8738,,,,,
330,8749,,,,,
329,8759,,,,,
331,8770,,,,,
331,8780,,,,,
328,8791,,,,,
333,8801,,,,,
335,8811,,,,,
333,8821,,,,,
340,8833,,,,,
336,8843,,,,,
341,8853,,,,,
349,8863,,,,,
347,8873,,,,,
347,8884,,,,,
351,8894,,,,,
350,8905,,,,,
346,8915,,,,,
348,8926,,,,,
348,8936,,,,,
336,8946,,,,,
330,8956,,,,,
331,8968,,,,,
322,8978,,,,,
317,8988,,,,,
320,8998,,,,,
322,9009,,,,,
322,9019,,,,,
323,9030,,,,,
323,9040,,,,,
322,9051,,,,,
317,9061,,,,,
310,9071,,,,,
327,9081,,,,,
326,9092,,,,,
324,9103,,,,,
325,9113,,,,,
324,9123,,,,,
328,9134,,,,,
325,9144,,,,,
320,9154,,,,,
336,9165,,,,,
321,9176,,,,,
325,9186,,,,,
322,9196,,,,,
320,9206,,,,,
320,9217,,,,,
323,9227,,,,,
327,9238,,,,,
321,9248,,,,,
318,9259,,,,,
328,9269,,,,,
332,9279,,,,,
332,9289,,,,,
328,9300,,,,,
337,9311,,,,,
322,9321,,,,,
314,9331,,,,,
314,9341,,,,,
317,9352,,,,,
321,9363,,,,,
313,9373,,,,,
312,9383,,,,,
301,9394,,,,,
291,9404,,,,,
325,9414,,,,,
407,9424,,,,,
425,9436,,,,,
357,9446,,,,,
309,9456,,,,,
305,9466,,,,,
304,9477,,,,,
299,9487,,,,,
301,9498,,,,,
302,9508,,,,,
311,9519,,,,,
307,9529,,,,,
308,9539,,,,,
310,9549,,,,,
309,9560,,,,,
314,9571,,,,,
308,9581,,,,,
317,9591,,,,,
326,9602,,,,,
318,9612,,,,,
323,9622,,,,,
329,9633,,,,,
327,9644,,,,,
337,9654,,,,,
337,9664,,,,,
340,9674,,,,,
346,9684,,,,,
342,9696,,,,,
349,9706,,,,,
341,9716,,,,,
334,9726,,,,,
323,9737,,,,,
321,9747,,,,,
312,9757,,,,,
313,9768,,,,,
317,9779,,,,,
321,9789,,,,,
321,9799,,,,,
327,9809,,,,,
323,9820,,,,,
313,9831,,,,,
328,9841,,,,,
323,9851,,,,,
323,9862,,,,,
322,9872,,,,,
329,9882,,,,,
323,9892,,,,,
320,9904,,,,,
327,9914,,,,,
326,9924,,,,,
328,9934,,,,,
323,9945,,,,,
326,9955,,,,,
329,9966,,,,,
330,9976,,,,,
334,9987,,,,,
324,9997,,,,,
333,10007,,,,,
331,10018,,,,,
338,10031,,,,,
349,10042,,,,,
347,10053,,,,,
342,10064,,,,,
350,10076,,,,,
334,10087,,,,,
329,10099,,,,,
326,10110,,,,,
330,10122,,,,,
326,10133,,,,,
332,10144,,,,,
329,10156,,,,,
326,10168,,,,,
313,10179,,,,,
364,10190,,,,,
441,10202,,,,,
397,10213,,,,,
325,10224,,,,,
317,10236,,,,,
315,10248,,,,,
320,10259,,,,,
318,10270,,,,,
315,10281,,,,,
320,10293,,,,,
318,10305,,,,,
316,10316,,,,,
327,10328,,,,,
327,10339,,,,,
330,10350,,,,,
329,10362,,,,,
330,10374,,,,,
328,10385,,,,,
336,10396,,,,,
337,10407,,,,,
341,10419,,,,,
343,10431,,,,,
345,10442,,,,,
344,10454,,,,,
344,10465,,,,,
346,10476,,,,,
347,10487,,,,,
336,10500,,,,,
328,10511,,,,,
318,10522,,,,,
323,10533,,,,,
311,10545,,,,,
315,10556,,,,,
315,10568,,,,,
317,10579,,,,,
320,10591,,,,,
324,10602,,,,,
320,10613,,,,,
323,10625,,,,,
324,10637,,,,,
324,10648,,,,,
317,10659,,,,,
325,10671,,,,,
326,10682,,,,,
315,10694,,,,,
321,10705,,,,,
321,10717,,,,,
325,10728,,,,,
313,10739,,,,,
330,10750,,,,,
323,10763,,,,,
334,10774,,,,,
331,10785,,,,,
336,10797,,,,,
330,10808,,,,,
332,10819,,,,,
324,10831,,,,,
323,10843,,,,,
324,10854,,,,,
323,10865,,,,,
325,10876,,,,,
327,10888,,,,,
322,10900,,,,,
316,10911,,,,,
364,10923,,,,,
439,10934,,,,,
403,10945,,,,,
339,10956,,,,,
325,10969,,,,,
317,10980,,,,,
321,10991,,,,,
325,11002,,,,,
326,11014,,,,,
327,11025,,,,,
336,11037,,,,,
333,11048,,,,,
334,11060,,,,,
336,11071,,,,,
336,11082,,,,,
341,11095,,,,,
340,11106,,,,,
349,11117,,,,,
351,11128,,,,,
348,11140,,,,,
353,11151,,,,,
362,11163,,,,,
357,11174,,,,,
362,11186,,,,,
362,11197,,,,,
360,11208,,,,,
353,11219,,,,,
349,11232,,,,,
338,11243,,,,,
340,11254,,,,,
335,11266,,,,,
328,11277,,,,,
334,11288,,,,,
340,11300,,,,,
345,11312,,,,,
350,11323,,,,,
358,11334,,,,,
356,11345,,,,,
362,11357,,,,,
372,11369,,,,,
370,11380,,,,,
369,11392,,,,,
372,11403,,,,,
369,11414,,,,,
365,11426,,,,,
372,11438,,,,,
368,11449,,,,,
362,11460,,,,,
362,11471,,,,,
367,11483,,,,,
367,11495,,,,,
369,11506,,,,,
370,11517,,,,,
375,11529,,,,,
362,11540,,,,,
359,11551,,,,,
349,11564,,,,,
349,11575,,,,,
349,11586,,,,,
346,11597,,,,,
345,11609,,,,,
346,11620,,,,,
341,11632,,,,,
336,11643,,,,,
405,11655,,,,,
447,11666,,,,,
394,11677,,,,,
338,11688,,,,,
332,11701,,,,,
331,11712,,,,,
333,11723,,,,,
328,11735,,,,,
338,11746,,,,,
331,11757,,,,,
343,11769,,,,,
335,11781,,,,,
338,11792,,,,,
337,11803,,,,,
337,11814,,,,,
338,11827,,,,,
331,11838,,,,,
337,11849,,,,,
338,11860,,,,,
341,11872,,,,,
337,11883,,,,,
343,11895,,,,,
345,11907,,,,,
336,11918,,,,,
348,11929,,,,,
340,11940,,,,,
341,11952,,,,,
327,11964,,,,,
315,11975,,,,,
315,11986,,,,,
314,11998,,,,,
305,12009,,,,,
313,12020,,,,,
301,12033,,,,,
307,12044,,,,,
311,12055,,,,,
315,12066,,,,,
305,12078,,,,,
313,12089,,,,,
315,12101,,,,,
305,12112,,,,,
317,12124,,,,,
306,12135,,,,,
319,12146,,,,,
355,12158,,,,,
350,12170,,,,,
362,12181,,,,,
363,12192,,,,,
373,12204,,,,,
368,12215,,,,,
381,12227,,,,,
368,12238,,,,,
371,12250,,,,,
368,12261,,,,,
368,12272,,,,,
364,12283,,,,,
379,12296,,,,,
363,12307,,,,,
375,12318,,,,,
366,12329,,,,,
353,12341,,,,,
345,12352,,,,,
343,12364,,,,,
345,12376,,,,,
337,12387,,,,,
342,12398,,,,,
335,12409,,,,,
343,12421,,,,,
334,12433,,,,,
413,12444,,,,,
449,12455,,,,,
384,12467,,,,,
328,12478,,,,,
331,12489,,,,,
327,12502,,,,,
326,12513,,,,,
325,12524,,,,,
320,12535,,,,,
326,12547,,,,,
332,12559,,,,,
330,12570,,,,,
339,12581,,,,,
334,12593,,,,,
329,12604,,,,,
325,12615,,,,,
331,12627,,,,,
345,12639,,,,,
337,12650,,,,,
348,12661,,,,,
342,12673,,,,,
341,12684,,,,,
351,12696,,,,,
350,12707,,,,,
343,12719,,,,,
340,12730,,,,,
347,12741,,,,,
329,12752,,,,,
323,12765,,,,,
316,12776,,,,,
317,12787,,,,,
315,12798,,,,,
314,12810,,,,,
315,12821,,,,,
309,12833,,,,,
321,12845,,,,,
316,12856,,,,,
322,12867,,,,,
309,12878,,,,,
318,12891,,,,,
318,12902,,,,,
304,12913,,,,,
325,12924,,,,,
313,12936,,,,,
315,12947,,,,,
316,12959,,,,,
307,12971,,,,,
306,12982,,,,,
308,12993,,,,,
305,13004,,,,,
322,13016,,,,,
305,13028,,,,,
307,13039,,,,,
313,13050,,,,,
296,13062,,,,,
311,13073,,,,,
307,13084,,,,,
304,13096,,,,,
314,13108,,,,,
310,13119,,,,,
307,13130,,,,,
316,13142,,,,,
310,13153,,,,,
313,13165,,,,,
322,13176,,,,,
310,13188,,,,,
297,13199,,,,,
304,13210,,,,,
298,13221,,,,,
296,13234,,,,,
300,13245,,,,,
302,13256,,,,,
298,13267,,,,,
321,13279,,,,,
392,13291,,,,,
415,13302,,,,,
339,13314,,,,,
306,13325,,,,,
304,13336,,,,,
294,13347,,,,,
300,13360,,,,,
297,13371,,,,,
303,13382,,,,,
303,13393,,,,,
306,13405,,,,,
305,13416,,,,,
311,13428,,,,,
322,13440,,,,,
315,13451,,,,,
316,13462,,,,,
314,13473,,,,,
323,13485,,,,,
327,13497,,,,,
338,13508,,,,,
334,13519,,,,,
345,13531,,,,,
343,13542,,,,,
349,13553,,,,,
350,13565,,,,,
349,13577,,,,,
338,13588,,,,,
334,13599,,,,,
331,13611,,,,,
314,13623,,,,,
325,13634,,,,,
322,13645,,,,,
320,13657,,,,,
323,13668,,,,,
318,13679,,,,,
324,13691,,,,,
321,13703,,,,,
323,13714,,,,,
337,13725,,,,,
329,13736,,,,,
332,13748,,,,,
340,13760,,,,,
339,13771,,,,,
337,13783,,,,,
325,13794,,,,,
333,13805,,,,,
329,13816,,,,,
329,13829,,,,,
336,13840,,,,,
335,13851,,,,,
330,13862,,,,,
337,13874,,,,,
325,13885,,,,,
332,13897,,,,,
331,13908,,,,,
333,13920,,,,,
338,13931,,,,,
329,13942,,,,,
330,13954,,,,,
333,13966,,,,,
328,13977,,,,,
341,13988,,,,,
348,14000,,,,,
343,14011,,,,,
347,14023,,,,,
321,14034,,,,,
320,14046,,,,,
327,14057,,,,,
314,14068,,,,,
319,14080,,,,,
312,14092,,,,,
323,14103,,,,,
310,14114,,,,,
346,14126,,,,,
421,14137,,,,,
409,14148,,,,,
332,14160,,,,,
316,14172,,,,,
308,14183,,,,,
308,14194,,,,,
302,14205,,,,,
313,14217,,,,,
317,14229,,,,,
315,14240,,,,,
317,14252,,,,,
315,14263,,,,,
314,14274,,,,,
313,14285,,,,,
319,14298,,,,,
341,14309,,,,,
335,14320,,,,,
337,14331,,,,,
335,14343,,,,,
333,14355,,,,,
340,14366,,,,,
350,14377,,,,,
360,14389,,,,,
344,14400,,,,,
346,14411,,,,,
352,14424,,,,,
326,14435,,,,,
345,14446,,,,,
330,14457,,,,,
326,14469,,,,,
323,14480,,,,,
317,14492,,,,,
317,14503,,,,,
326,14515,,,,,
323,14526,,,,,
331,14537,,,,,
333,14548,,,,,
329,14561,,,,,
335,14572,,,,,
336,14583,,,,,
340,14595,,,,,
335,14606,,,,,
336,14617,,,,,
336,14629,,,,,
337,14641,,,,,
338,14652,,,,,
336,14663,,,,,
332,14674,,,,,
333,14686,,,,,
348,14698,,,,,
340,14709,,,,,
331,14721,,,,,
321,14732,,,,,
330,14743,,,,,
333,14755,,,,,
327,14767,,,,,
322,14778,,,,,
325,14789,,,,,
331,14800,,,,,
345,14812,,,,,
342,14824,,,,,
340,14835,,,,,
339,14846,,,,,
331,14858,,,,,
323,14869,,,,,
322,14880,,,,,
328,14893,,,,,
323,14904,,,,,
318,14915,,,,,
300,14926,,,,,
312,14938,,,,,
325,14949,,,,,
411,14961,,,,,
444,14972,,,,,
348,14984,,,,,
318,14995,,,,,
300,15006,,,,,
310,15017,,,,,
311,15030,,,,,
318,15041,,,,,
314,15052,,,,,
310,15064,,,,,
317,15075,,,,,
322,15087,,,,,
322,15098,,,,,
317,15110,,,,,
321,15121,,,,,
327,15132,,,,,
325,15143,,,,,
334,15156,,,,,
339,15167,,,,,
337,15178,,,,,
335,15190,,,,,
346,15201,,,,,
351,15212,,,,,
349,15224,,,,,
359,15236,,,,,
359,15247,,,,,
347,15258,,,,,
333,15269,,,,,
327,15281,,,,,
324,15293,,,,,
325,15304,,,,,
324,15315,,,,,
319,15327,,,,,
318,15338,,,,,
325,15349,,,,,
320,15362,,,,,
321,15373,,,,,
325,15384,,,,,
318,15395,,,,,
328,15407,,,,,
321,15418,,,,,
331,15430,,,,,
323,15441,,,,,
327,15453,,,,,
326,15464,,,,,
329,15475,,,,,
318,15488,,,,,
333,15499,,,,,
328,15510,,,,,
330,15521,,,,,
328,15533,,,,,
325,15544,,,,,
323,15556,,,,,
329,15567,,,,,
335,15579,,,,,
339,15590,,,,,
334,15601,,,,,
331,15612,,,,,
326,15625,,,,,
320,15636,,,,,
317,15647,,,,,
313,15659,,,,,
321,15670,,,,,
315,15681,,,,,
322,15693,,,,,
315,15705,,,,,
333,15716,,,,,
408,15727,,,,,
412,15738,,,,,
340,15750,,,,,
314,15762,,,,,
318,15773,,,,,
314,15784,,,,,
310,15796,,,,,
319,15807,,,,,
320,15819,,,,,
309,15831,,,,,
329,15842,,,,,
326,15853,,,,,
326,15864,,,,,
331,15876,,,,,
332,15888,,,,,
326,15899,,,,,
334,15910,,,,,
334,15922,,,,,
341,15933,,,,,
342,15944,,,,,
346,15956,,,,,
347,15968,,,,,
353,15979,,,,,
352,15990,,,,,
351,16002,,,,,
349,16013,,,,,
340,16025,,,,,
334,16036,,,,,
335,16048,,,,,
323,16059,,,,,
326,16070,,,,,
325,16081,,,,,
322,16094,,,,,
329,16105,,,,,
321,16116,,,,,
320,16128,,,,,
320,16139,,,,,
331,16150,,,,,
331,16162,,,,,
335,16174,,,,,
331,16185,,,,,
323,16196,,,,,
331,16207,,,,,
330,16220,,,,,
329,16231,,,,,
328,16242,,,,,
339,16253,,,,,
339,16265,,,,,
333,16276,,,,,
336,16288,,,,,
342,16300,,,,,
342,16311,,,,,
344,16322,,,,,
349,16333,,,,,
337,16345,,,,,
330,16357,,,,,
328,16368,,,,,
328,16379,,,,,
335,16391,,,,,
337,16402,,,,,
332,16413,,,,,
327,16425,,,,,
328,16437,,,,,
399,16448,,,,,
447,16459,,,,,
391,16471,,,,,
337,16482,,,,,
330,16494,,,,,
324,16505,,,,,
317,16517,,,,,
317,16528,,,,,
327,16539,,,,,
327,16551,,,,,
331,16563,,,,,
338,16574,,,,,
337,16585,,,,,
331,16596,,,,,
335,16608,,,,,
338,16620,,,,,
340,16631,,,,,
345,16643,,,,,
345,16654,,,,,
351,16665,,,,,
351,16676,,,,,
351,16689,,,,,
352,16700,,,,,
355,16711,,,,,
359,16722,,,,,
345,16734,,,,,
353,16745,,,,,
346,16757,,,,,
330,16769,,,,,
328,16780,,,,,
334,16791,,,,,
332,16802,,,,,
325,16814,,,,,
318,16826,,,,,
334,16837,,,,,
331,16848,,,,,
324,16860,,,,,
334,16871,,,,,
334,16882,,,,,
327,16894,,,,,
334,16906,,,,,
324,16917,,,,,
339,16928,,,,,
336,16940,,,,,
331,16952,,,,,
335,16963,,,,,
337,16974,,,,,
336,16986,,,,,
334,16997,,,,,
345,17008,,,,,
341,17020,,,,,
339,17032,,,,,
347,17043,,,,,
335,17054,,,,,
324,17065,,,,,
330,17077,,,,,
323,17089,,,,,
329,17100,,,,,
327,17112,,,,,
327,17123,,,,,
323,17134,,,,,
324,17145,,,,,
390,17158,,,,,
452,17169,,,,,
382,17180,,,,,
332,17191,,,,,
317,17203,,,,,
308,17214,,,,,
312,17226,,,,,
309,17238,,,,,
309,17249,,,,,
319,17260,,,,,
321,17271,,,,,
315,17284,,,,,
321,17295,,,,,
323,17306,,,,,
318,17317,,,,,
325,17329,,,,,
327,17340,,,,,
325,17352,,,,,
330,17363,,,,,
338,17375,,,,,
334,17386,,,,,
351,17397,,,,,
346,17409,,,,,
344,17421,,,,,
348,17432,,,,,
348,17443,,,,,
345,17455,,,,,
335,17466,,,,,
319,17477,,,,,
327,17489,,,,,
323,17501,,,,,
324,17512,,,,,
318,17523,,,,,
327,17534,,,,,
328,17546,,,,,
323,17558,,,,,
335,17569,,,,,
334,17581,,,,,
335,17592,,,,,
333,17603,,,,,
338,17614,,,,,
333,17627,,,,,
339,17638,,,,,
335,17649,,,,,
335,17660,,,,,
333,17672,,,,,
341,17684,,,,,
339,17695,,,,,
336,17707,,,,,
343,17718,,,,,
348,17729,,,,,
333,17740,,,,,
328,17753,,,,,
328,17764,,,,,
331,17775,,,,,
331,17786,,,,,
332,17798,,,,,
329,17809,,,,,
321,17821,,,,,
324,17832,,,,,
369,17844,,,,,
437,17855,,,,,
387,17866,,,,,
330,17878,,,,,
332,17890,,,,,
328,17901,,,,,
327,17912,,,,,
323,17924,,,,,
328,17935,,,,,
325,17946,,,,,
330,17958,,,,,
332,17970,,,,,
341,17981,,,,,
338,17992,,,,,
335,18003,,,,,
341,18016,,,,,
338,18027,,,,,
337,18038,,,,,
348,18050,,,,,
345,18061,,,,,
351,18072,,,,,
356,18084,,,,,
357,18096,,,,,
351,18107,,,,,
365,18118,,,,,
354,18129,,,,,
353,18141,,,,,
344,18153,,,,,
336,18164,,,,,
330,18176,,,,,
333,18187,,,,,
334,18198,,,,,
329,18209,,,,,
334,18222,,,,,
332,18233,,,,,
327,18244,,,,,
333,18255,,,,,
341,18267,,,,,
339,18278,,,,,
332,18290,,,,,
337,18301,,,,,
344,18313,,,,,
344,18324,,,,,
331,18335,,,,,
339,18347,,,,,
340,18359,,,,,
343,18370,,,,,
349,18381,,,,,
342,18393,,,,,
344,18404,,,,,
343,18416,,,,,
333,18427,,,,,
333,18439,,,,,
330,18450,,,,,
327,18461,,,,,
338,18472,,,,,
335,18485,,,,,
337,18496,,,,,
327,18507,,,,,
361,18519,,,,,
437,18530,,,,,
417,18541,,,,,
348,18553,,,,,
336,18565,,,,,
333,18576,,,,,
332,18587,,,,,
326,18598,,,,,
330,18610,,,,,
330,18622,,,,,
326,18633,,,,,
336,18644,,,,,
336,18656,,,,,
333,18667,,,,,
342,18678,,,,,
340,18691,,,,,
343,18702,,,,,
343,18713,,,,,
336,18724,,,,,
347,18736,,,,,
349,18748,,,,,
344,18759,,,,,
350,18770,,,,,
346,18782,,,,,
355,18793,,,,,
349,18804,,,,,
348,18817,,,,,
337,18828,,,,,
330,18839,,,,,
326,18850,,,,,
325,18862,,,,,
328,18873,,,,,
325,18885,,,,,
320,18896,,,,,
330,18908,,,,,
320,18919,,,,,
325,18930,,,,,
320,18941,,,,,
320,18954,,,,,
326,18965,,,,,
328,18976,,,,,
319,18988,,,,,
318,18999,,,,,
321,19010,,,,,
325,19022,,,,,
324,19034,,,,,
327,19045,,,,,
324,19056,,,,,
332,19067,,,,,
331,19079,,,,,
327,19091,,,,,
341,19102,,,,,
331,19113,,,,,
322,19125,,,,,
326,19136,,,,,
319,19148,,,,,
317,19160,,,,,
316,19171,,,,,
320,19182,,,,,
322,19193,,,,,
305,19205,,,,,
326,19217,,,,,
409,19228,,,,,
428,19239,,,,,
357,19251,,,,,
316,19262,,,,,
313,19273,,,,,
312,19286,,,,,
307,19297,,,,,
317,19308,,,,,
309,19319,,,,,
327,19331,,,,,
329,19342,,,,,
324,19354,,,,,
317,19365,,,,,
325,19377,,,,,
326,19388,,,,,
322,19399,,,,,
333,19410,,,,,
337,19423,,,,,
333,19434,,,,,
342,19445,,,,,
347,19457,,,,,
347,19468,,,,,
347,19480,,,,,
349,19491,,,,,
356,19503,,,,,
348,19514,,,,,
339,19525,,,,,
336,19536,,,,,
331,19549,,,,,
328,19560,,,,,
318,19571,,,,,
320,19582,,,,,
325,19594,,,,,
319,19605,,,,,
328,19617,,,,,
326,19629,,,,,
325,19640,,,,,
329,19651,,,,,
328,19662,,,,,
327,19674,,,,,
326,19686,,,,,
327,19697,,,,,
324,19708,,,,,
335,19720,,,,,
330,19731,,,,,
331,19742,,,,,
327,19755,,,,,
333,19766,,,,,
338,19777,,,,,
334,19788,,,,,
343,19800,,,,,
345,19811,,,,,
337,19823,,,,,
340,19834,,,,,
332,19846,,,,,
324,19857,,,,,
320,19868,,,,,
317,19880,,,,,
323,19892,,,,,
325,19903,,,,,
319,19914,,,,,
317,19926,,,,,
314,19937,,,,,
382,19949,,,,,
446,19960,,,,,
382,19972,,,,,
332,19983,,,,,
322,19994,,,,,
316,20005,,,,,
320,20018,,,,,
317,20029,,,,,
328,20040,,,,,
327,20051,,,,,
323,20063,,,,,
324,20074,,,,,
332,20086,,,,,
334,20098,,,,,
339,20109,,,,,
340,20120,,,,,
340,20131,,,,,
336,20143,,,,,
343,20155,,,,,
350,20166,,,,,
348,20177,,,,,
359,20189,,,,,
356,20200,,,,,
361,20212,,,,,
355,20224,,,,,
357,20235,,,,,
349,20246,,,,,
346,20257,,,,,
335,20269,,,,,
329,20281,,,,,
329,20292,,,,,
327,20303,,,,,
331,20315,,,,,
336,20326,,,,,
333,20337,,,,,
333,20349,,,,,
341,20361,,,,,
339,20372,,,,,
338,20383,,,,,
340,20395,,,,,
336,20406,,,,,
341,20418,,,,,
340,20429,,,,,
342,20441,,,,,
339,20452,,,,,
336,20463,,,,,
341,20474,,,,,
336,20487,,,,,
339,20498,,,,,
338,20509,,,,,
338,20520,,,,,
338,20532,,,,,
339,20543,,,,,
337,20555,,,,,
346,20567,,,,,
341,20578,,,,,
353,20589,,,,,
348,20600,,,,,
343,20613,,,,,
340,20624,,,,,
330,20635,,,,,
333,20646,,,,,
331,20658,,,,,
331,20669,,,,,
336,20681,,,,,
343,20692,,,,,
329,20704,,,,,
353,20715,,,,,
362,20726,,,,,
382,20738,,,,,
299,20750,,,,,
270,20761,,,,,
270,20772,,,,,
261,20784,,,,,
283,20795,,,,,
289,20806,,,,,
290,20818,,,,,
297,20830,,,,,
297,20841,,,,,
305,20852,,,,,
312,20864,,,,,
314,20875,,,,,
323,20887,,,,,
321,20898,,,,,
333,20910,,,,,
344,20921,,,,,
355,20932,,,,,
361,20944,,,,,
369,20956,,,,,
387,20967,,,,,
386,20978,,,,,
382,20989,,,,,
389,21001,,,,,
393,21013,,,,,
380,21024,,,,,
387,21036,,,,,
371,21047,,,,,
375,21058,,,,,
372,21069,,,,,
380,21082,,,,,
383,21093,,,,,
388,21104,,,,,
396,21115,,,,,
392,21127,,,,,
394,21138,,,,,
394,21150,,,,,
388,21161,,,,,
388,21173,,,,,
390,21184,,,,,
394,21195,,,,,
392,21207,,,,,
389,21219,,,,,
382,21230,,,,,
378,21241,,,,,
373,21253,,,,,
374,21264,,,,,
375,21275,,,,,
371,21287,,,,,
362,21299,,,,,
366,21310,,,,,
358,21321,,,,,
358,21332,,,,,
357,21345,,,,,
366,21356,,,,,
374,21367,,,,,
372,21379,,,,,
372,21390,,,,,
367,21401,,,,,
351,21413,,,,,
345,21425,,,,,
343,21436,,,,,
337,21447,,,,,
332,21458,,,,,
338,21470,,,,,
329,21482,,,,,
327,21493,,,,,
365,21505,,,,,
425,21516,,,,,
396,21527,,,,,
326,21538,,,,,
314,21551,,,,,
310,21562,,,,,
306,21573,,,,,
307,21584,,,,,
306,21596,,,,,
306,21607,,,,,
299,21619,,,,,
310,21630,,,,,
311,21642,,,,,
311,21653,,,,,
305,21664,,,,,
307,21677,,,,,
319,21688,,,,,
315,21699,,,,,
317,21710,,,,,
321,21722,,,,,
321,21733,,,,,
327,21745,,,,,
321,21756,,,,,
334,21768,,,,,
327,21779,,,,,
331,21790,,,,,
329,21801,,,,,
319,21814,,,,,
314,21825,,,,,
307,21836,,,,,
306,21848,,,,,
307,21859,,,,,
299,21870,,,,,
307,21882,,,,,
303,21894,,,,,
306,21905,,,,,
305,21916,,,,,
310,21927,,,,,
312,21939,,,,,
315,21951,,,,,
316,21962,,,,,
319,21974,,,,,
312,21985,,,,,
318,21996,,,,,
321,22007,,,,,
319,22020,,,,,
320,22031,,,,,
312,22042,,,,,
315,22053,,,,,
319,22065,,,,,
316,22077,,,,,
328,22088,,,,,
323,22099,,,,,
322,22111,,,,,
327,22122,,,,,
329,22133,,,,,
326,22146,,,,,
318,22157,,,,,
323,22168,,,,,
319,22179,,,,,
319,22191,,,,,
313,22202,,,,,
323,22214,,,,,
317,22225,,,,,
314,22237,,,,,
365,22248,,,,,
432,22259,,,,,
387,22270,,,,,
324,22283,,,,,
314,22294,,,,,
306,22305,,,,,
308,22317,,,,,
308,22328,,,,,
309,22339,,,,,
310,22351,,,,,
316,22363,,,,,
318,22374,,,,,
319,22385,,,,,
324,22396,,,,,
323,22409,,,,,
331,22420,,,,,
338,22431,,,,,
334,22443,,,,,
333,22454,,,,,
331,22465,,,,,
338,22477,,,,,
345,22489,,,,,
345,22500,,,,,
353,22511,,,,,
346,22522,,,,,
347,22534,,,,,
345,22546,,,,,
332,22557,,,,,
334,22568,,,,,
324,22580,,,,,
325,22591,,,,,
324,22602,,,,,
318,22615,,,,,
324,22626,,,,,
321,22637,,,,,
324,22648,,,,,
322,22660,,,,,
335,22671,,,,,
331,22683,,,,,
328,22694,,,,,
324,22706,,,,,
324,22717,,,,,
328,22728,,,,,
329,22739,,,,,
333,22752,,,,,
331,22763,,,,,
330,22774,,,,,
324,22786,,,,,
314,22797,,,,,
322,22809,,,,,
325,22820,,,,,
328,22832,,,,,
332,22843,,,,,
333,22854,,,,,
335,22865,,,,,
339,22878,,,,,
336,22889,,,,,
346,22900,,,,,
345,22912,,,,,
338,22923,,,,,
337,22934,,,,,
334,22946,,,,,
327,22958,,,,,
329,22969,,,,,
329,22980,,,,,
329,22991,,,,,
329,23003,,,,,
319,23015,,,,,
357,23026,,,,,
429,23037,,,,,
421,23049,,,,,
340,23060,,,,,
325,23071,,,,,
313,23084,,,,,
317,23095,,,,,
316,23106,,,,,
314,23117,,,,,
325,23129,,,,,
325,23141,,,,,
327,23152,,,,,
330,23163,,,,,
330,23175,,,,,
336,23186,,,,,
336,23197,,,,,
341,23209,,,,,
343,23221,,,,,
340,23232,,,,,
345,23243,,,,,
341,23255,,,,,
352,23266,,,,,
358,23278,,,,,
364,23289,,,,,
362,23301,,,,,
360,23312,,,,,
361,23323,,,,,
353,23334,,,,,
347,23347,,,,,
337,23358,,,,,
337,23369,,,,,
340,23380,,,,,
333,23392,,,,,
337,23403,,,,,
335,23415,,,,,
343,23427,,,,,
341,23438,,,,,
341,23449,,,,,
342,23460,,,,,
345,23472,,,,,
341,23484,,,,,
349,23495,,,,,
346,23506,,,,,
346,23518,,,,,
342,23529,,,,,
338,23541,,,,,
339,23553,,,,,
340,23564,,,,,
338,23575,,,,,
334,23586,,,,,
334,23598,,,,,
335,23610,,,,,
335,23621,,,,,
343,23632,,,,,
338,23644,,,,,
337,23655,,,,,
336,23666,,,,,
334,23678,,,,,
338,23690,,,,,
341,23701,,,,,
349,23712,,,,,
347,23724,,,,,
356,23735,,,,,
355,23747,,,,,
353,23758,,,,,
349,23770,,,,,
341,23781,,,,,
335,23792,,,,,
335,23803,,,,,
336,23816,,,,,
338,23827,,,,,
342,23838,,,,,
326,23849,,,,,
333,23861,,,,,
417,23873,,,,,
456,23884,,,,,
381,23896,,,,,
335,23907,,,,,
332,23918,,,,,
323,23929,,,,,
332,23942,,,,,
329,23953,,,,,
320,23964,,,,,
334,23975,,,,,
335,23987,,,,,
333,23998,,,,,
335,24010,,,,,
334,24022,,,,,
337,24033,,,,,
340,24044,,,,,
336,24055,,,,,
332,24067,,,,,
334,24079,,,,,
337,24090,,,,,
336,24101,,,,,
345,24113,,,,,
343,24124,,,,,
343,24135,,,,,
348,24147,,,,,
344,24159,,,,,
340,24170,,,,,
337,24181,,,,,
328,24193,,,,,
321,24204,,,,,
313,24216,,,,,
318,24227,,,,,
318,24239,,,,,
315,24250,,,,,
316,24261,,,,,
314,24273,,,,,
317,24285,,,,,
316,24296,,,,,
319,24307,,,,,
319,24318,,,,,
320,24330,,,,,
312,24342,,,,,
324,24353,,,,,
315,24365,,,,,
327,24376,,,,,
317,24387,,,,,
318,24398,,,,,
315,24411,,,,,
320,24422,,,,,
313,24433,,,,,
317,24444,,,,,
314,24456,,,,,
320,24467,,,,,
318,24479,,,,,
321,24491,,,,,
321,24502,,,,,
326,24513,,,,,
327,24524,,,,,
322,24536,,,,,
321,24548,,,,,
327,24559,,,,,
331,24570,,,,,
335,24582,,,,,
341,24593,,,,,
340,24605,,,,,
335,24616,,,,,
329,24628,,,,,
321,24639,,,,,
329,24650,,,,,
325,24662,,,,,
320,24674,,,,,
322,24685,,,,,
313,24696,,,,,
319,24708,,,,,
339,24719,,,,,
411,24730,,,,,
422,24742,,,,,
343,24754,,,,,
324,24765,,,,,
319,24776,,,,,
324,24787,,,,,
321,24799,,,,,
315,24811,,,,,
322,24822,,,,,
322,24834,,,,,
319,24845,,,,,
328,24856,,,,,
328,24867,,,,,
332,24880,,,,,
333,24891,,,,,
333,24902,,,,,
328,24913,,,,,
341,24925,,,,,
339,24936,,,,,
341,24948,,,,,
348,24960,,,,,
357,24971,,,,,
349,24982,,,,,
354,24993,,,,,
347,25006,,,,,
346,25017,,,,,
343,25028,,,,,
329,25039,,,,,
324,25051,,,,,
327,25062,,,,,
323,25074,,,,,
320,25085,,,,,
319,25097,,,,,
312,25108,,,,,
316,25119,,,,,
316,25131,,,,,
325,25143,,,,,
320,25154,,,,,
319,25165,,,,,
317,25177,,,,,
320,25188,,,,,
326,25199,,,,,
320,25211,,,,,
318,25223,,,,,
330,25234,,,,,
329,25245,,,,,
325,25256,,,,,
322,25268,,,,,
323,25280,,,,,
323,25291,,,,,
325,25303,,,,,
326,25314,,,,,
326,25325,,,,,
323,25337,,,,,
327,25349,,,,,
319,25360,,,,,
329,25371,,,,,
329,25382,,,,,
334,25394,,,,,
329,25406,,,,,
335,25417,,,,,
338,25428,,,,,
332,25440,,,,,
326,25451,,,,,
318,25462,,,,,
314,25475,,,,,
316,25486,,,,,
325,25497,,,,,
323,25508,,,,,
316,25520,,,,,
335,25531,,,,,
408,25543,,,,,
439,25554,,,,,
360,25566,,,,,
325,25577,,,,,
320,25588,,,,,
316,25600,,,,,
306,25612,,,,,
317,25623,,,,,
324,25634,,,,,
316,25646,,,,,
329,25657,,,,,
323,25668,,,,,
324,25680,,,,,
335,25692,,,,,
320,25703,,,,,
335,25714,,,,,
338,25725,,,,,
339,25738,,,,,
334,25749,,,,,
338,25760,,,,,
345,25772,,,,,
345,25783,,,,,
352,25794,,,,,
353,25806,,,,,
351,25818,,,,,
353,25829,,,,,
344,25840,,,,,
341,25851,,,,,
331,25863,,,,,
327,25875,,,,,
326,25886,,,,,
326,25897,,,,,
326,25909,,,,,
329,25920,,,,,
331,25931,,,,,
327,25944,,,,,
332,25955,,,,,
325,25966,,,,,
330,25977,,,,,
335,25989,,,,,
333,26000,,,,,
339,26012,,,,,
333,26023,,,,,
336,26035,,,,,
336,26046,,,,,
332,26057,,,,,
337,26070,,,,,
337,26081,,,,,
338,26092,,,,,
340,26103,,,,,
340,26115,,,,,
332,26126,,,,,
335,26138,,,,,
343,26149,,,,,
342,26161,,,,,
336,26172,,,,,
335,26183,,,,,
349,26194,,,,,
347,26207,,,,,
351,26218,,,,,
364,26229,,,,,
366,26241,,,,,
361,26252,,,,,
349,26263,,,,,
342,26275,,,,,
351,26287,,,,,
346,26298,,,,,
341,26309,,,,,
342,26320,,,,,
344,26332,,,,,
333,26344,,,,,
349,26355,,,,,
425,26366,,,,,
449,26378,,,,,
366,26389,,,,,
339,26400,,,,,
331,26413,,,,,
323,26424,,,,,
325,26435,,,,,
331,26446,,,,,
325,26458,,,,,
330,26470,,,,,
337,26481,,,,,
334,26492,,,,,
335,26504,,,,,
338,26515,,,,,
342,26526,,,,,
335,26539,,,,,
351,26550,,,,,
344,26561,,,,,
345,26572,,,,,
351,26584,,,,,
357,26595,,,,,
359,26607,,,,,
356,26618,,,,,
357,26630,,,,,
355,26641,,,,,
359,26652,,,,,
352,26663,,,,,
349,26676,,,,,
333,26687,,,,,
335,26698,,,,,
335,26710,,,,,
330,26721,,,,,
334,26732,,,,,
330,26744,,,,,
338,26756,,,,,
339,26767,,,,,
333,26778,,,,,
343,26789,,,,,
343,26802,,,,,
339,26813,,,,,
342,26824,,,,,
341,26835,,,,,
343,26847,,,,,
336,26858,,,,,
341,26870,,,,,
340,26882,,,,,
338,26893,,,,,
340,26904,,,,,
344,26915,,,,,
343,26927,,,,,
341,26939,,,,,
349,26950,,,,,
345,26961,,,,,
345,26973,,,,,
345,26984,,,,,
354,26995,,,,,
355,27008,,,,,
357,27019,,,,,
358,27030,,,,,
364,27041,,,,,
356,27053,,,,,
340,27064,,,,,
348,27076,,,,,
341,27087,,,,,
340,27099,,,,,
343,27110,,,,,
336,27121,,,,,
342,27132,,,,,
334,27145,,,,,
401,27156,,,,,
452,27167,,,,,
398,27179,,,,,
346,27190,,,,,
335,27202,,,,,
329,27213,,,,,
323,27225,,,,,
321,27236,,,,,
332,27247,,,,,
326,27258,,,,,
330,27271,,,,,
333,27282,,,,,
339,27293,,,,,
331,27304,,,,,
343,27316,,,,,
343,27327,,,,,
349,27339,,,,,
346,27351,,,,,
352,27362,,,,,
346,27373,,,,,
365,27384,,,,,
354,27396,,,,,
357,27408,,,,,
359,27419,,,,,
355,27430,,,,,
356,27442,,,,,
345,27453,,,,,
342,27464,,,,,
328,27476,,,,,
319,27488,,,,,
311,27499,,,,,
308,27510,,,,,
310,27522,,,,,
313,27534,,,,,
313,27545,,,,,
315,27556,,,,,
307,27568,,,,,
315,27579,,,,,
317,27590,,,,,
325,27602,,,,,
315,27614,,,,,
325,27625,,,,,
325,27636,,,,,
322,27648,,,,,
318,27659,,,,,
328,27671,,,,,
317,27682,,,,,
328,27694,,,,,
329,27705,,,,,
317,27716,,,,,
324,27727,,,,,
324,27740,,,,,
326,27751,,,,,
329,27762,,,,,
329,27773,,,,,
326,27785,,,,,
331,27796,,,,,
341,27808,,,,,
337,27820,,,,,
345,27831,,,,,
338,27842,,,,,
326,27853,,,,,
331,27865,,,,,
326,27877,,,,,
333,27888,,,,,
322,27899,,,,,
326,27911,,,,,
319,27922,,,,,
319,27934,,,,,
347,27945,,,,,
425,27957,,,,,
410,27968,,,,,
331,27979,,,,,
318,27991,,,,,
311,28003,,,,,
316,28014,,,,,
314,28025,,,,,
314,28037,,,,,
315,28048,,,,,
313,28059,,,,,
314,28071,,,,,
322,28083,,,,,
320,28094,,,,,
331,28105,,,,,
323,28116,,,,,
332,28128,,,,,
335,28140,,,,,
332,28151,,,,,
335,28163,,,,,
342,28174,,,,,
344,28185,,,,,
340,28196,,,,,
342,28209,,,,,
344,28220,,,,,
350,28231,,,,,
341,28242,,,,,
342,28254,,,,,
321,28266,,,,,
327,28277,,,,,
315,28289,,,,,
324,28300,,,,,
315,28311,,,,,
320,28322,,,,,
321,28335,,,,,
313,28346,,,,,
317,28357,,,,,
315,28368,,,,,
314,28380,,,,,
305,28391,,,,,
293,28403,,,,,
290,28414,,,,,
288,28426,,,,,
289,28437,,,,,
297,28448,,,,,
295,28460,,,,,
288,28472,,,,,
293,28483,,,,,
298,28494,,,,,
290,28506,,,,,
293,28517,,,,,
301,28528,,,,,
305,28540,,,,,
310,28552,,,,,
315,28563,,,,,
321,28574,,,,,
317,28585,,,,,
313,28597,,,,,
309,28609,,,,,
310,28620,,,,,
313,28632,,,,,
317,28643,,,,,
318,28654,,,,,
321,28666,,,,,
321,28678,,,,,
321,28689,,,,,
391,28700,,,,,
439,28711,,,,,
368,28723,,,,,
328,28735,,,,,
325,28746,,,,,
332,28758,,,,,
330,28769,,,,,
327,28780,,,,,
327,28791,,,,,
338,28804,,,,,
328,28815,,,,,
346,28826,,,,,
341,28837,,,,,
340,28849,,,,,
343,28860,,,,,
340,28872,,,,,
348,28883,,,,,
346,28895,,,,,
358,28906,,,,,
360,28917,,,,,
356,28929,,,,,
359,28941,,,,,
364,28952,,,,,
362,28963,,,,,
367,28975,,,,,
359,28986,,,,,
357,28998,,,,,
352,29009,,,,,
349,29021,,,,,
339,29032,,,,,
335,29043,,,,,
339,29054,,,,,
342,29067,,,,,
338,29078,,,,,
337,29089,,,,,
343,29101,,,,,
341,29112,,,,,
339,29123,,,,,
345,29135,,,,,
343,29147,,,,,
339,29158,,,,,
343,29169,,,,,
343,29180,,,,,
343,29192,,,,,
340,29204,,,,,
345,29215,,,,,
347,29227,,,,,
336,29238,,,,,
335,29249,,,,,
344,29260,,,,,
339,29273,,,,,
343,29284,,,,,
340,29295,,,,,
344,29306,,,,,
348,29318,,,,,
341,29329,,,,,
359,29341,,,,,
355,29352,,,,,
354,29364,,,,,
339,29375,,,,,
344,29386,,,,,
339,29399,,,,,
346,29410,,,,,
340,29421,,,,,
339,29432,,,,,
331,29444,,,,,
335,29455,,,,,
377,29467,,,,,
446,29478,,,,,
420,29490,,,,,
355,29501,,,,,
323,29512,,,,,
320,29523,,,,,
321,29536,,,,,
323,29547,,,,,
320,29558,,,,,
333,29570,,,,,
323,29581,,,,,
338,29592,,,,,
336,29604,,,,,
342,29616,,,,,
334,29627,,,,,
335,29638,,,,,
351,29649,,,,,
350,29661,,,,,
348,29673,,,,,
355,29684,,,,,
354,29696,,,,,
359,29707,,,,,
363,29718,,,,,
360,29730,,,,,
369,29742,,,,,
371,29753,,,,,
368,29764,,,,,
357,29775,,,,,
341,29787,,,,,
346,29799,,,,,
332,29810,,,,,
333,29821,,,,,
343,29833,,,,,
334,29844,,,,,
336,29855,,,,,
333,29868,,,,,
338,29879,,,,,
343,29890,,,,,
342,29901,,,,,
339,29913,,,,,
343,29924,,,,,
341,29936,,,,,
343,29947,,,,,
342,29959,,,,,
336,29970,,,,,
337,29981,,,,,
339,29992,,,,,
336,30005,,,,,
338,30016,,,,,
334,30027,,,,,
335,30039,,,,,
340,30050,,,,,
337,30061,,,,,
329,30073,,,,,
343,30085,,,,,
343,30096,,,,,
338,30107,,,,,
346,30118,,,,,
348,30131,,,,,
340,30142,,,,,
333,30153,,,,,
329,30164,,,,,
326,30176,,,,,
323,30187,,,,,
330,30199,,,,,
324,30211,,,,,
326,30222,,,,,
313,30233,,,,,
342,30244,,,,,
421,30256,,,,,
430,30268,,,,,
345,30279,,,,,
330,30290,,,,,
317,30302,,,,,
314,30313,,,,,
315,30324,,,,,
307,30337,,,,,
322,30348,,,,,
315,30359,,,,,
324,30370,,,,,
324,30382,,,,,
329,30393,,,,,
323,30405,,,,,
330,30416,,,,,
333,30428,,,,,
334,30439,,,,,
334,30450,,,,,
334,30462,,,,,
349,30474,,,,,
351,30485,,,,,
349,30496,,,,,
350,30508,,,,,
348,30519,,,,,
352,30531,,,,,
346,30542,,,,,
334,30554,,,,,
336,30565,,,,,
330,30576,,,,,
326,30587,,,,,
322,30600,,,,,
322,30611,,,,,
315,30622,,,,,
319,30633,,,,,
323,30645,,,,,
324,30656,,,,,
324,30668,,,,,
328,30680,,,,,
333,30691,,,,,
333,30702,,,,,
327,30713,,,,,
329,30725,,,,,
327,30737,,,,,
337,30748,,,,,
328,30759,,,,,
335,30771,,,,,
341,30782,,,,,
339,30793,,,,,
329,30806,,,,,
337,30817,,,,,
335,30828,,,,,
334,30839,,,,,
334,30851,,,,,
337,30863,,,,,
336,30874,,,,,
340,30885,,,,,
342,30897,,,,,
343,30908,,,,,
350,30919,,,,,
345,30931,,,,,
353,30943,,,,,
356,30954,,,,,
361,30965,,,,,
352,30977,,,,,
339,30988,,,,,
338,31000,,,,,
339,31011,,,,,
335,31023,,,,,
337,31034,,,,,
339,31045,,,,,
329,31056,,,,,
341,31069,,,,,
418,31080,,,,,
462,31091,,,,,
381,31102,,,,,
341,31114,,,,,
320,31125,,,,,
328,31137,,,,,
325,31149,,,,,
329,31160,,,,,
329,31171,,,,,
333,31182,,,,,
329,31195,,,,,
334,31206,,,,,
328,31217,,,,,
337,31228,,,,,
339,31240,,,,,
337,31251,,,,,
348,31263,,,,,
347,31275,,,,,
347,31286,,,,,
351,31297,,,,,
354,31308,,,,,
361,31320,,,,,
358,31332,,,,,
363,31343,,,,,
373,31354,,,,,
367,31366,,,,,
361,31377,,,,,
350,31388,,,,,
339,31400,,,,,
333,31412,,,,,
328,31423,,,,,
337,31434,,,,,
330,31446,,,,,
336,31457,,,,,
337,31469,,,,,
336,31480,,,,,
330,31492,,,,,
337,31503,,,,,
336,31514,,,,,
343,31525,,,,,
343,31538,,,,,
339,31549,,,,,
339,31560,,,,,
346,31571,,,,,
341,31583,,,,,
339,31595,,,,,
343,31606,,,,,
347,31618,,,,,
341,31629,,,,,
339,31640,,,,,
338,31651,,,,,
335,31664,,,,,
340,31675,,,,,
335,31686,,,,,
340,31697,,,,,
344,31709,,,,,
341,31720,,,,,
340,31732,,,,,
335,31744,,,,,
341,31755,,,,,
341,31766,,,,,
349,31777,,,,,
348,31789,,,,,
353,31801,,,,,
354,31812,,,,,
348,31823,,,,,
338,31835,,,,,
334,31846,,,,,
333,31857,,,,,
340,31869,,,,,
337,31881,,,,,
334,31892,,,,,
331,31903,,,,,
324,31915,,,,,
339,31927,,,,,
426,31938,,,,,
444,31949,,,,,
367,31961,,,,,
332,31972,,,,,
329,31983,,,,,
334,31995,,,,,
325,32007,,,,,
335,32018,,,,,
335,32029,,,,,
335,32040,,,,,
338,32052,,,,,
346,32064,,,,,
339,32075,,,,,
349,32087,,,,,
346,32098,,,,,
351,32109,,,,,
351,32120,,,,,
350,32133,,,,,
355,32144,,,,,
359,32155,,,,,
357,32166,,,,,
367,32178,,,,,
367,32189,,,,,
368,32201,,,,,
370,32212,,,,,
361,32224,,,,,
362,32235,,,,,
345,32246,,,,,
337,32258,,,,,
327,32270,,,,,
327,32281,,,,,
323,32292,,,,,
326,32304,,,,,
326,32315,,,,,
328,32327,,,,,
327,32338,,,,,
329,32350,,,,,
327,32361,,,,,
337,32372,,,,,
334,32384,,,,,
336,32396,,,,,
336,32407,,,,,
339,32418,,,,,
335,32430,,,,,
342,32441,,,,,
334,32452,,,,,
336,32464,,,,,
335,32476,,,,,
337,32487,,,,,
339,32498,,,,,
339,32509,,,,,
341,32521,,,,,
335,32533,,,,,
332,32544,,,,,
338,32556,,,,,
336,32567,,,,,
341,32578,,,,,
339,32589,,,,,
348,32602,,,,,
350,32613,,,,,
352,32624,,,,,
344,32635,,,,,
341,32647,,,,,
340,32659,,,,,
342,32670,,,,,
343,32681,,,,,
340,32693,,,,,
339,32704,,,,,
340,32715,,,,,
339,32728,,,,,
356,32739,,,,,
423,32750,,,,,
442,32761,,,,,
361,32773,,,,,
345,32784,,,,,
341,32796,,,,,
337,32807,,,,,
335,32819,,,,,
333,32830,,,,,
331,32841,,,,,
343,32852,,,,,
336,32865,,,,,
344,32876,,,,,
341,32887,,,,,
347,32899,,,,,
339,32910,,,,,
352,32921,,,,,
348,32933,,,,,
350,32945,,,,,
353,32956,,,,,
360,32967,,,,,
364,32978,,,,,
365,32990,,,,,
365,33002,,,,,
369,33013,,,,,
374,33025,,,,,
371,33036,,,,,
358,33047,,,,,
357,33059,,,,,
347,33071,,,,,
342,33082,,,,,
343,33093,,,,,
343,33104,,,,,
342,33116,,,,,
335,33128,,,,,
345,33139,,,,,
348,33150,,,,,
350,33162,,,,,
347,33173,,,,,
350,33184,,,,,
355,33197,,,,,
352,33208,,,,,
352,33219,,,,,
357,33230,,,,,
351,33242,,,,,
347,33253,,,,,
347,33265,,,,,
358,33276,,,,,
351,33288,,,,,
350,33299,,,,,
353,33310,,,,,
346,33321,,,,,
346,33334,,,,,
353,33345,,,,,
347,33356,,,,,
352,33368,,,,,
353,33379,,,,,
357,33391,,,,,
358,33402,,,,,
358,33414,,,,,
359,33425,,,,,
353,33436,,,,,
339,33447,,,,,
335,33460,,,,,
342,33471,,,,,
344,33482,,,,,
346,33494,,,,,
348,33505,,,,,
336,33516,,,,,
349,33528,,,,,
417,33540,,,,,
465,33551,,,,,
386,33562,,,,,
342,33573,,,,,
343,33585,,,,,
339,33597,,,,,
340,33608,,,,,
347,33619,,,,,
342,33631,,,,,
349,33642,,,,,
346,33653,,,,,
352,33666,,,,,
350,33677,,,,,
353,33688,,,,,
355,33699,,,,,
357,33711,,,,,
360,33722,,,,,
362,33734,,,,,
366,33745,,,,,
373,33757,,,,,
372,33768,,,,,
381,33779,,,,,
382,33792,,,,,
387,33803,,,,,
387,33814,,,,,
387,33825,,,,,
388,33837,,,,,
377,33848,,,,,
368,33860,,,,,
364,33871,,,,,
352,33883,,,,,
357,33894,,,,,
360,33905,,,,,
367,33916,,,,,
362,33929,,,,,
360,33940,,,,,
363,33951,,,,,
358,33963,,,,,
364,33974,,,,,
359,33985,,,,,
365,33997,,,,,
360,34009,,,,,
365,34020,,,,,
365,34031,,,,,
359,34042,,,,,
367,34054,,,,,
359,34066,,,,,
353,34077,,,,,
363,34088,,,,,
359,34100,,,,,
352,34111,,,,,
353,34123,,,,,
355,34135,,,,,
348,34146,,,,,
356,34157,,,,,
349,34168,,,,,
344,34180,,,,,
353,34192,,,,,
358,34203,,,,,
347,34214,,,,,
354,34226,,,,,
360,34237,,,,,
350,34248,,,,,
345,34260,,,,,
337,34272,,,,,
335,34283,,,,,
341,34294,,,,,
342,34306,,,,,
340,34317,,,,,
340,34329,,,,,
337,34340,,,,,
397,34352,,,,,
464,34363,,,,,
396,34374,,,,,
347,34385,,,,,
334,34398,,,,,
329,34409,,,,,
335,34420,,,,,
328,34432,,,,,
336,34443,,,,,
337,34454,,,,,
335,34466,,,,,
341,34478,,,,,
337,34489,,,,,
342,34500,,,,,
345,34511,,,,,
340,34524,,,,,
346,34535,,,,,
348,34546,,,,,
343,34557,,,,,
355,34569,,,,,
352,34580,,,,,
357,34592,,,,,
358,34604,,,,,
360,34615,,,,,
367,34626,,,,,
364,34637,,,,,
363,34649,,,,,
359,34661,,,,,
342,34672,,,,,
349,34683,,,,,
337,34695,,,,,
334,34706,,,,,
344,34717,,,,,
339,34729,,,,,
341,34741,,,,,
340,34752,,,,,
339,34763,,,,,
340,34775,,,,,
336,34786,,,,,
334,34798,,,,,
338,34809,,,,,
342,34821,,,,,
341,34832,,,,,
339,34843,,,,,
345,34855,,,,,
337,34867,,,,,
332,34878,,,,,
339,34889,,,,,
336,34900,,,,,
338,34912,,,,,
338,34924,,,,,
339,34935,,,,,
334,34947,,,,,
340,34958,,,,,
341,34969,,,,,
335,34980,,,,,
342,34993,,,,,
343,35004,,,,,
336,35015,,,,,
347,35026,,,,,
349,35038,,,,,
360,35049,,,,,
351,35061,,,,,
357,35073,,,,,
354,35084,,,,,
358,35095,,,,,
352,35106,,,,,
343,35118,,,,,
353,35130,,,,,
355,35141,,,,,
353,35152,,,,,
350,35164,,,,,
340,35175,,,,,
360,35186,,,,,
435,35198,,,,,
480,35210,,,,,
393,35221,,,,,
347,35232,,,,,
338,35244,,,,,
337,35256,,,,,
338,35267,,,,,
338,35278,,,,,
346,35290,,,,,
347,35301,,,,,
351,35312,,,,,
348,35324,,,,,
347,35336,,,,,
356,35347,,,,,
349,35358,,,,,
354,35369,,,,,
359,35381,,,,,
359,35393,,,,,
363,35404,,,,,
369,35416,,,,,
361,35427,,,,,
374,35438,,,,,
367,35449,,,,,
373,35462,,,,,
378,35473,,,,,
381,35484,,,,,
370,35495,,,,,
355,35507,,,,,
349,35518,,,,,
337,35530,,,,,
336,35542,,,,,
340,35553,,,,,
336,35564,,,,,
340,35575,,,,,
339,35588,,,,,
337,35599,,,,,
334,35610,,,,,
331,35621,,,,,
334,35633,,,,,
335,35644,,,,,
325,35656,,,,,
333,35667,,,,,
331,35679,,,,,
324,35690,,,,,
331,35701,,,,,
327,35713,,,,,
328,35725,,,,,
321,35736,,,,,
319,35747,,,,,
327,35759,,,,,
324,35770,,,,,
324,35781,,,,,
326,35793,,,,,
319,35805,,,,,
325,35816,,,,,
323,35827,,,,,
325,35838,,,,,
327,35850,,,,,
328,35862,,,,,
330,35873,,,,,
330,35885,,,,,
341,35896,,,,,
338,35907,,,,,
331,35918,,,,,
323,35931,,,,,
323,35942,,,,,
324,35953,,,,,
314,35964,,,,,
319,35976,,,,,
315,35988,,,,,
315,35999,,,,,
313,36011,,,,,
372,36022,,,,,
430,36033,,,,,
380,36044,,,,,
325,36057,,,,,
319,36068,,,,,
321,36079,,,,,
315,36090,,,,,
322,36102,,,,,
322,36113,,,,,
317,36125,,,,,
326,36136,,,,,
322,36148,,,,,
324,36159,,,,,
339,36170,,,,,
332,36182,,,,,
326,36194,,,,,
336,36205,,,,,
331,36216,,,,,
343,36228,,,,,
335,36239,,,,,
343,36250,,,,,
345,36262,,,,,
352,36274,,,,,
346,36285,,,,,
347,36296,,,,,
353,36307,,,,,
344,36320,,,,,
336,36331,,,,,
327,36342,,,,,
322,36354,,,,,
323,36365,,,,,
314,36376,,,,,
313,36388,,,,,
316,36400,,,,,
312,36411,,,,,
314,36422,,,,,
325,36433,,,,,
320,36445,,,,,
329,36457,,,,,
321,36468,,,,,
327,36480,,,,,
329,36491,,,,,
320,36502,,,,,
331,36513,,,,,
330,36526,,,,,
325,36537,,,,,
331,36548,,,,,
332,36559,,,,,
332,36571,,,,,
330,36582,,,,,
334,36594,,,,,
337,36605,,,,,
333,36617,,,,,
335,36628,,,,,
331,36639,,,,,
333,36651,,,,,
340,36663,,,,,
345,36674,,,,,
347,36685,,,,,
348,36697,,,,,
342,36708,,,,,
344,36720,,,,,
334,36731,,,,,
338,36743,,,,,
337,36754,,,,,
332,36765,,,,,
329,36776,,,,,
327,36789,,,,,
334,36800,,,,,
328,36811,,,,,
346,36823,,,,,
420,36834,,,,,
439,36845,,,,,
360,36857,,,,,
334,36869,,,,,
331,36880,,,,,
336,36891,,,,,
347,36902,,,,,
348,36914,,,,,
358,36926,,,,,
362,36937,,,,,
358,36948,,,,,
365,36960,,,,,
367,36971,,,,,
363,36982,,,,,
368,36995,,,,,
373,37006,,,,,
373,37017,,,,,
365,37028,,,,,
380,37040,,,,,
377,37052,,,,,
377,37063,,,,,
383,37074,,,,,
387,37086,,,,,
389,37097,,,,,
382,37108,,,,,
377,37121,,,,,
377,37132,,,,,
368,37143,,,,,
357,37154,,,,,
348,37166,,,,,
350,37177,,,,,
346,37189,,,,,
345,37200,,,,,
347,37212,,,,,
346,37223,,,,,
344,37234,,,,,
342,37245,,,,,
345,37258,,,,,
343,37269,,,,,
347,37280,,,,,
344,37292,,,,,
343,37303,,,,,
342,37314,,,,,
348,37326,,,,,
337,37338,,,,,
348,37349,,,,,
346,37360,,,,,
341,37371,,,,,
343,37383,,,,,
337,37395,,,,,
330,37406,,,,,
343,37417,,,,,
338,37429,,,,,
338,37440,,,,,
338,37452,,,,,
341,37464,,,,,
340,37475,,,,,
348,37486,,,,,
343,37497,,,,,
341,37509,,,,,
347,37521,,,,,
333,37532,,,,,
332,37543,,,,,
324,37555,,,,,
328,37566,,,,,
331,37577,,,,,
324,37590,,,,,
321,37601,,,,,
325,37612,,,,,
385,37623,,,,,
439,37635,,,,,
389,37646,,,,,
336,37658,,,,,
319,37669,,,,,
311,37681,,,,,
326,37692,,,,,
327,37703,,,,,
320,37714,,,,,
331,37727,,,,,
331,37738,,,,,
327,37749,,,,,
331,37761,,,,,
332,37772,,,,,
335,37784,,,,,
333,37795,,,,,
339,37807,,,,,
334,37818,,,,,
341,37829,,,,,
340,37840,,,,,
346,37853,,,,,
346,37864,,,,,
348,37875,,,,,
349,37886,,,,,
356,37898,,,,,
362,37909,,,,,
347,37921,,,,,
340,37933,,,,,
332,37944,,,,,
332,37955,,,,,
322,37966,,,,,
330,37978,,,,,
326,37990,,,,,
323,38001,,,,,
323,38012,,,,,
323,38024,,,,,
335,38035,,,,,
326,38046,,,,,
331,38059,,,,,
338,38070,,,,,
335,38081,,,,,
332,38092,,,,,
329,38104,,,,,
335,38115,,,,,
334,38127,,,,,
334,38138,,,,,
330,38150,,,,,
332,38161,,,,,
330,38172,,,,,
338,38184,,,,,
340,38196,,,,,
337,38207,,,,,
341,38218,,,,,
339,38230,,,,,
335,38241,,,,,
337,38253,,,,,
354,38264,,,,,
349,38276,,,,,
354,38287,,,,,
354,38298,,,,,
363,38309,,,,,
353,38322,,,,,
352,38333,,,,,
343,38344,,,,,
347,38355,,,,,
348,38367,,,,,
344,38378,,,,,
350,38390,,,,,
345,38402,,,,,
334,38413,,,,,
351,38424,,,,,
425,38435,,,,,
457,38447,,,,,
399,38459,,,,,
341,38470,,,,,
342,38481,,,,,
336,38493,,,,,
332,38504,,,,,
335,38516,,,,,
332,38528,,,,,
333,38539,,,,,
339,38550,,,,,
340,38561,,,,,
343,38573,,,,,
345,38585,,,,,
339,38596,,,,,
341,38607,,,,,
356,38619,,,,,
352,38630,,,,,
356,38641,,,,,
354,38653,,,,,
361,38665,,,,,
357,38676,,,,,
370,38687,,,,,
365,38699,,,,,
379,38710,,,,,
373,38722,,,,,
364,38733,,,,,
350,38745,,,,,
345,38756,,,,,
340,38767,,,,,
333,38778,,,,,
331,38791,,,,,
343,38802,,,,,
335,38813,,,,,
341,38824,,,,,
336,38836,,,,,
342,38847,,,,,
336,38859,,,,,
349,38871,,,,,
343,38882,,,,,
342,38893,,,,,
345,38904,,,,,
346,38917,,,,,
344,38928,,,,,
343,38939,,,,,
342,38950,,,,,
348,38962,,,,,
337,38973,,,,,
341,38985,,,,,
340,38996,,,,,
349,39008,,,,,
342,39019,,,,,
342,39030,,,,,
334,39042,,,,,
340,39054,,,,,
342,39065,,,,,
336,39076,,,,,
342,39088,,,,,
341,39099,,,,,
339,39110,,,,,
349,39122,,,,,
347,39134,,,,,
343,39145,,,,,
347,39156,,,,,
328,39168,,,,,
329,39179,,,,,
329,39191,,,,,
325,39202,,,,,
327,39214,,,,,
331,39225,,,,,
328,39236,,,,,
319,39248,,,,,
358,39260,,,,,
436,39271,,,,,
405,39282,,,,,
345,39293,,,,,
316,39305,,,,,
316,39317,,,,,
320,39328,,,,,
321,39340,,,,,
320,39351,,,,,
319,39362,,,,,
322,39373,,,,,
322,39386,,,,,
319,39397,,,,,
326,39408,,,,,
327,39419,,,,,
328,39431,,,,,
327,39442,,,,,
335,39454,,,,,
327,39465,,,,,
340,39477,,,,,
336,39488,,,,,
340,39499,,,,,
343,39511,,,,,
347,39523,,,,,
343,39534,,,,,
352,39545,,,,,
354,39557,,,,,
339,39568,,,,,
337,39579,,,,,
322,39591,,,,,
315,39603,,,,,
327,39614,,,,,
316,39625,,,,,
326,39636,,,,,
324,39649,,,,,
327,39660,,,,,
325,39671,,,,,
332,39683,,,,,
331,39694,,,,,
329,39705,,,,,
331,39717,,,,,
340,39729,,,,,
334,39740,,,,,
342,39751,,,,,
338,39762,,,,,
337,39774,,,,,
339,39786,,,,,
339,39797,,,,,
336,39809,,,,,
342,39820,,,,,
339,39831,,,,,
340,39842,,,,,
336,39855,,,,,
341,39866,,,,,
333,39877,,,,,
344,39888,,,,,
348,39900,,,,,
348,39911,,,,,
351,39923,,,,,
345,39934,,,,,
345,39946,,,,,
347,39957,,,,,
330,39968,,,,,
332,39981,,,,,
333,39992,,,,,
338,40003,,,,,
339,40014,,,,,
335,40026,,,,,
337,40037,,,,,
358,40049,,,,,
428,40060,,,,,
444,40072,,,,,
373,40083,,,,,
339,40094,,,,,
344,40105,,,,,
342,40118,,,,,
341,40129,,,,,
334,40140,,,,,
342,40152,,,,,
345,40163,,,,,
346,40174,,,,,
350,40186,,,,,
356,40198,,,,,
354,40209,,,,,
354,40220,,,,,
362,40231,,,,,
358,40243,,,,,
357,40255,,,,,
367,40266,,,,,
370,40278,,,,,
371,40289,,,,,
377,40300,,,,,
378,40311,,,,,
375,40324,,,,,
373,40335,,,,,
371,40346,,,,,
367,40357,,,,,
358,40369,,,,,
353,40381,,,,,
343,40392,,,,,
347,40403,,,,,
348,40415,,,,,
343,40426,,,,,
341,40437,,,,,
344,40450,,,,,
347,40461,,,,,
343,40472,,,,,
351,40483,,,,,
348,40495,,,,,
345,40506,,,,,
354,40518,,,,,
347,40529,,,,,
354,40541,,,,,
356,40552,,,,,
357,40563,,,,,
355,40574,,,,,
354,40587,,,,,
353,40598,,,,,
358,40609,,,,,
339,40621,,,,,
360,40632,,,,,
351,40643,,,,,
360,40655,,,,,
357,40667,,,,,
362,40678,,,,,
367,40689,,,,,
362,40700,,,,,
357,40713,,,,,
357,40724,,,,,
354,40735,,,,,
347,40747,,,,,
342,40758,,,,,
342,40769,,,,,
344,40781,,,,,
340,40793,,,,,
342,40804,,,,,
340,40815,,,,,
393,40826,,,,,
453,40838,,,,,
423,40850,,,,,
352,40861,,,,,
336,40872,,,,,
328,40884,,,,,
326,40895,,,,,
329,40906,,,,,
331,40919,,,,,
337,40930,,,,,
333,40941,,,,,
332,40952,,,,,
335,40964,,,,,
339,40975,,,,,
337,40987,,,,,
344,40998,,,,,
343,41010,,,,,
343,41021,,,,,
343,41032,,,,,
350,41043,,,,,
347,41056,,,,,
352,41067,,,,,
354,41078,,,,,
354,41090,,,,,
355,41101,,,,,
363,41113,,,,,
353,41124,,,,,
342,41136,,,,,
335,41147,,,,,
331,41158,,,,,
327,41169,,,,,
322,41182,,,,,
320,41193,,,,,
327,41204,,,,,
323,41216,,,,,
327,41227,,,,,
327,41238,,,,,
328,41250,,,,,
333,41262,,,,,
330,41273,,,,,
330,41284,,,,,
339,41295,,,,,
335,41307,,,,,
341,41319,,,,,
332,41330,,,,,
343,41341,,,,,
332,41353,,,,,
334,41364,,,,,
337,41375,,,,,
335,41388,,,,,
337,41399,,,,,
339,41410,,,,,
336,41421,,,,,
338,41433,,,,,
328,41445,,,,,
342,41456,,,,,
348,41467,,,,,
341,41479,,,,,
351,41490,,,,,
342,41501,,,,,
347,41513,,,,,
330,41525,,,,,
334,41536,,,,,
336,41547,,,,,
328,41559,,,,,
324,41570,,,,,
334,41582,,,,,
327,41593,,,,,
326,41605,,,,,
331,41616,,,,,
417,41627,,,,,
454,41638,,,,,
373,41651,,,,,
328,41662,,,,,
322,41673,,,,,
325,41684,,,,,
321,41696,,,,,
323,41707,,,,,
318,41719,,,,,
331,41731,,,,,
324,41742,,,,,
328,41753,,,,,
327,41764,,,,,
331,41776,,,,,
328,41788,,,,,
339,41799,,,,,
337,41810,,,,,
344,41822,,,,,
341,41833,,,,,
347,41845,,,,,
352,41857,,,,,
350,41868,,,,,
353,41879,,,,,
363,41890,,,,,
357,41902,,,,,
356,41914,,,,,
348,41925,,,,,
342,41936,,,,,
335,41948,,,,,
324,41959,,,,,
318,41970,,,,,
321,41982,,,,,
319,41994,,,,,
325,42005,,,,,
318,42016,,,,,
324,42028,,,,,
318,42039,,,,,
312,42051,,,,,
314,42062,,,,,
313,42074,,,,,
328,42085,,,,,
326,42096,,,,,
320,42107,,,,,
317,42120,,,,,
317,42131,,,,,
305,42142,,,,,
320,42153,,,,,
323,42165,,,,,
324,42177,,,,,
317,42188,,,,,
317,42200,,,,,
310,42211,,,,,
321,42222,,,,,
321,42233,,,,,
321,42246,,,,,
325,42257,,,,,
325,42268,,,,,
327,42279,,,,,
320,42291,,,,,
323,42302,,,,,
330,42314,,,,,
313,42326,,,,,
316,42337,,,,,
309,42348,,,,,
316,42359,,,,,
305,42371,,,,,
311,42383,,,,,
312,42394,,,,,
307,42405,,,,,
347,42417,,,,,
420,42428,,,,,
402,42439,,,,,
329,42451,,,,,
311,42463,,,,,
299,42474,,,,,
300,42485,,,,,
304,42497,,,,,
309,42508,,,,,
309,42520,,,,,
314,42531,,,,,
317,42543,,,,,
317,42554,,,,,
318,42565,,,,,
326,42577,,,,,
323,42589,,,,,
329,42600,,,,,
332,42611,,,,,
334,42622,,,,,
339,42634,,,,,
338,42646,,,,,
341,42657,,,,,
355,42669,,,,,
355,42680,,,,,
355,42691,,,,,
360,42702,,,,,
357,42715,,,,,
347,42726,,,,,
347,42737,,,,,
339,42748,,,,,
326,42760,,,,,
331,42771,,,,,
338,42783,,,,,
327,42795,,,,,
337,42806,,,,,
336,42817,,,,,
335,42828,,,,,
339,42840,,,,,
339,42852,,,,,
338,42863,,,,,
338,42874,,,,,
341,42886,,,,,
333,42897,,,,,
343,42909,,,,,
346,42920,,,,,
337,42932,,,,,
341,42943,,,,,
341,42954,,,,,
339,42966,,,,,
341,42978,,,,,
339,42989,,,,,
341,43000,,,,,
342,43012,,,,,
342,43023,,,,,
349,43034,,,,,
354,43046,,,,,
342,43058,,,,,
351,43069,,,,,
358,43080,,,,,
353,43091,,,,,
364,43103,,,,,
361,43115,,,,,
354,43126,,,,,
351,43138,,,,,
347,43149,,,,,
345,43160,,,,,
347,43171,,,,,
339,43184,,,,,
339,43195,,,,,
342,43206,,,,,
329,43217,,,,,
358,43229,,,,,
437,43240,,,,,
437,43252,,,,,
362,43264,,,,,
337,43275,,,,,
327,43286,,,,,
327,43297,,,,,
334,43310,,,,,
333,43321,,,,,
336,43332,,,,,
342,43343,,,,,
336,43355,,,,,
341,43366,,,,,
343,43378,,,,,
351,43389,,,,,
347,43401,,,,,
347,43412,,,,,
355,43423,,,,,
351,43435,,,,,
357,43447,,,,,
359,43458,,,,,
381,43469,,,,,
379,43481,,,,,
381,43492,,,,,
391,43503,,,,,
387,43515,,,,,
385,43527,,,,,
380,43538,,,,,
373,43549,,,,,
363,43560,,,,,
351,43572,,,,,
354,43584,,,,,
349,43595,,,,,
358,43607,,,,,
356,43618,,,,,
355,43629,,,,,
357,43641,,,,,
352,43653,,,,,
352,43664,,,,,
358,43675,,,,,
351,43686,,,,,
355,43698,,,,,
363,43710,,,,,
360,43721,,,,,
355,43732,,,,,
344,43744,,,,,
356,43755,,,,,
343,43766,,,,,
348,43779,,,,,
355,43790,,,,,
352,43801,,,,,
350,43812,,,,,
347,43824,,,,,
348,43835,,,,,
345,43847,,,,,
346,43858,,,,,
345,43870,,,,,
341,43881,,,,,
351,43892,,,,,
358,43904,,,,,
356,43916,,,,,
350,43927,,,,,
348,43938,,,,,
342,43950,,,,,
336,43961,,,,,
333,43972,,,,,
327,43984,,,,,
326,43996,,,,,
337,44007,,,,,
329,44018,,,,,
326,44029,,,,,
325,44042,,,,,
382,44053,,,,,
449,44064,,,,,
395,44076,,,,,
336,44087,,,,,
317,44098,,,,,
314,44110,,,,,
321,44122,,,,,
319,44133,,,,,
324,44144,,,,,
323,44155,,,,,
324,44167,,,,,
329,44179,,,,,
325,44190,,,,,
336,44201,,,,,
332,44213,,,,,
328,44224,,,,,
336,44235,,,,,
339,44248,,,,,
336,44259,,,,,
347,44270,,,,,
342,44281,,,,,
342,44293,,,,,
344,44304,,,,,
345,44316,,,,,
348,44327,,,,,
348,44339,,,,,
346,44350,,,,,
339,44361,,,,,
335,44374,,,,,
319,44385,,,,,
315,44396,,,,,
322,44407,,,,,
320,44419,,,,,
313,44430,,,,,
325,44442,,,,,
322,44453,,,,,
323,44465,,,,,
326,44476,,,,,
319,44487,,,,,
325,44498,,,,,
326,44511,,,,,
329,44522,,,,,
329,44533,,,,,
323,44545,,,,,
327,44556,,,,,
327,44567,,,,,
328,44579,,,,,
322,44591,,,,,
326,44602,,,,,
326,44613,,,,,
328,44624,,,,,
327,44636,,,,,
337,44648,,,,,
335,44659,,,,,
338,44670,,,,,
338,44682,,,,,
337,44693,,,,,
348,44704,,,,,
347,44717,,,,,
355,44728,,,,,
349,44739,,,,,
345,44750,,,,,
334,44762,,,,,
336,44774,,,,,
330,44785,,,,,
328,44796,,,,,
329,44808,,,,,
333,44819,,,,,
330,44830,,,,,
329,44843,,,,,
387,44854,,,,,
447,44865,,,,,
386,44876,,,,,
331,44888,,,,,
331,44899,,,,,
328,44911,,,,,
331,44922,,,,,
335,44934,,,,,
333,44945,,,,,
340,44956,,,,,
341,44967,,,,,
336,44980,,,,,
337,44991,,,,,
335,45002,,,,,
340,45014,,,,,
347,45025,,,,,
343,45036,,,,,
352,45048,,,,,
353,45060,,,,,
350,45071,,,,,
356,45082,,,,,
361,45093,,,,,
361,45106,,,,,
361,45117,,,,,
362,45128,,,,,
358,45139,,,,,
357,45151,,,,,
352,45162,,,,,
337,45174,,,,,
337,45186,,,,,
328,45197,,,,,
324,45208,,,,,
329,45219,,,,,
327,45231,,,,,
326,45243,,,,,
332,45254,,,,,
328,45265,,,,,
329,45277,,,,,
338,45288,,,,,
332,45299,,,,,
336,45312,,,,,
333,45323,,,,,
340,45334,,,,,
340,45345,,,,,
332,45357,,,,,
344,45368,,,,,
343,45380,,,,,
338,45391,,,,,
340,45403,,,,,
343,45414,,,,,
343,45425,,,,,
346,45436,,,,,
346,45449,,,,,
346,45460,,,,,
352,45471,,,,,
348,45483,,,,,
335,45494,,,,,
339,45506,,,,,
339,45517,,,,,
334,45529,,,,,
336,45540,,,,,
327,45551,,,,,
335,45562,,,,,
331,45575,,,,,
336,45586,,,,,
411,45597,,,,,
453,45608,,,,,
381,45620,,,,,
335,45631,,,,,
340,45643,,,,,
333,45655,,,,,
333,45666,,,,,
336,45677,,,,,
334,45688,,,,,
336,45700,,,,,
334,45712,,,,,
343,45723,,,,,
341,45734,,,,,
339,45746,,,,,
351,45757,,,,,
351,45768,,,,,
345,45780,,,,,
346,45792,,,,,
353,45803,,,,,
357,45814,,,,,
364,45826,,,,,
367,45838,,,,,
363,45849,,,,,
374,45860,,,,,
372,45872,,,,,
371,45883,,,,,
367,45894,,,,,
358,45906,,,,,
350,45918,,,,,
343,45929,,,,,
344,45940,,,,,
342,45952,,,,,
341,45963,,,,,
338,45975,,,,,
344,45986,,,,,
342,45998,,,,,
345,46009,,,,,
344,46020,,,,,
344,46031,,,,,
347,46044,,,,,
346,46055,,,,,
340,46066,,,,,
343,46077,,,,,
351,46089,,,,,
345,46100,,,,,
343,46112,,,,,
340,46124,,,,,
341,46135,,,,,
342,46146,,,,,
350,46157,,,,,
350,46169,,,,,
350,46181,,,,,
358,46192,,,,,
356,46203,,,,,
363,46215,,,,,
350,46226,,,,,
341,46238,,,,,
338,46249,,,,,
338,46261,,,,,
337,46272,,,,,
335,46283,,,,,
336,46295,,,,,
334,46307,,,,,
322,46318,,,,,
369,46329,,,,,
443,46341,,,,,
415,46352,,,,,
337,46363,,,,,
319,46375,,,,,
319,46387,,,,,
314,46398,,,,,
317,46409,,,,,
313,46420,,,,,
315,46432,,,,,
320,46444,,,,,
324,46455,,,,,
324,46467,,,,,
326,46478,,,,,
323,46489,,,,,
324,46500,,,,,
331,46513,,,,,
336,46524,,,,,
336,46535,,,,,
339,46546,,,,,
342,46558,,,,,
352,46570,,,,,
347,46581,,,,,
347,46593,,,,,
363,46604,,,,,
359,46615,,,,,
356,46626,,,,,
345,46639,,,,,
337,46650,,,,,
325,46661,,,,,
319,46672,,,,,
327,46684,,,,,
315,46695,,,,,
318,46707,,,,,
307,46718,,,,,
318,46730,,,,,
315,46741,,,,,
318,46752,,,,,
314,46764,,,,,
321,46776,,,,,
318,46787,,,,,
311,46798,,,,,
324,46810,,,,,
323,46821,,,,,
320,46832,,,,,
331,46844,,,,,
322,46856,,,,,
329,46867,,,,,
319,46878,,,,,
325,46889,,,,,
321,46901,,,,,
334,46913,,,,,
327,46924,,,,,
326,46936,,,,,
327,46947,,,,,
329,46958,,,,,
340,46970,,,,,
343,46982,,,,,
335,46993,,,,,
337,47004,,,,,
317,47015,,,,,
326,47027,,,,,
325,47039,,,,,
320,47050,,,,,
309,47062,,,,,
326,47073,,,,,
319,47084,,,,,
303,47095,,,,,
368,47108,,,,,
441,47119,,,,,
406,47130,,,,,
334,47141,,,,,
311,47153,,,,,
315,47164,,,,,
309,47176,,,,,
313,47187,,,,,
315,47199,,,,,
315,47210,,,,,
319,47221,,,,,
324,47233,,,,,
326,47245,,,,,
333,47256,,,,,
329,47267,,,,,
328,47279,,,,,
339,47290,,,,,
341,47302,,,,,
343,47313,,,,,
346,47325,,,,,
348,47336,,,,,
349,47347,,,,,
357,47358,,,,,
362,47371,,,,,
364,47382,,,,,
364,47393,,,,,
359,47405,,,,,
352,47416,,,,,
334,47427,,,,,
336,47439,,,,,
331,47451,,,,,
325,47462,,,,,
333,47473,,,,,
335,47484,,,,,
334,47496,,,,,
333,47508,,,,,
334,47519,,,,,
334,47531,,,,,
341,47542,,,,,
339,47553,,,,,
338,47564,,,,,
335,47577,,,,,
338,47588,,,,,
344,47599,,,,,
337,47610,,,,,
344,47622,,,,,
341,47633,,,,,
336,47645,,,,,
339,47656,,,,,
341,47668,,,,,
339,47679,,,,,
344,47690,,,,,
343,47703,,,,,
340,47714,,,,,
343,47725,,,,,
343,47736,,,,,
354,47748,,,,,
347,47759,,,,,
356,47771,,,,,
358,47782,,,,,
337,47794,,,,,
343,47805,,,,,
337,47816,,,,,
339,47827,,,,,
338,47840,,,,,
336,47851,,,,,
344,47862,,,,,
330,47874,,,,,
342,47885,,,,,
410,47896,,,,,
447,47908,,,,,
375,47920,,,,,
330,47931,,,,,
328,47942,,,,,
328,47953,,,,,
327,47965,,,,,
327,47977,,,,,
326,47988,,,,,
332,48000,,,,,
330,48011,,,,,
333,48022,,,,,
336,48034,,,,,
328,48046,,,,,
336,48057,,,,,
342,48068,,,,,
340,48079,,,,,
340,48091,,,,,
338,48103,,,,,
344,48114,,,,,
347,48125,,,,,
353,48137,,,,,
351,48148,,,,,
351,48159,,,,,
349,48172,,,,,
352,48183,,,,,
351,48194,,,,,
346,48205,,,,,
337,48217,,,,,
330,48228,,,,,
323,48240,,,,,
330,48251,,,,,
333,48263,,,,,
325,48274,,,,,
334,48285,,,,,
337,48296,,,,,
339,48309,,,,,
335,48320,,,,,
336,48331,,,,,
334,48343,,,,,
339,48354,,,,,
343,48365,,,,,
339,48377,,,,,
339,48389,,,,,
337,48400,,,,,
337,48411,,,,,
344,48422,,,,,
344,48435,,,,,
342,48446,,,,,
342,48457,,,,,
340,48468,,,,,
347,48480,,,,,
352,48491,,,,,
349,48503,,,,,
340,48515,,,,,
324,48526,,,,,
335,48537,,,,,
334,48548,,,,,
331,48560,,,,,
330,48572,,,,,
328,48583,,,,,
323,48594,,,,,
319,48606,,,,,
359,48617,,,,,
439,48628,,,,,
435,48641,,,,,
350,48652,,,,,
325,48663,,,,,
319,48674,,,,,
313,48686,,,,,
316,48697,,,,,
309,48709,,,,,
339,48720,,,,,
331,48732,,,,,
329,48743,,,,,
334,48754,,,,,
335,48766,,,,,
323,48778,,,,,
337,48789,,,,,
339,48800,,,,,
343,48812,,,,,
343,48823,,,,,
347,48835,,,,,
346,48846,,,,,
349,48858,,,,,
353,48869,,,,,
354,48880,,,,,
354,48891,,,,,
357,48904,,,,,
360,48915,,,,,
352,48926,,,,,
341,48937,,,,,
325,48949,,,,,
326,48960,,,,,
327,48972,,,,,
327,48984,,,,,
320,48995,,,,,
318,49006,,,,,
320,49017,,,,,
332,49029,,,,,
338,49041,,,,,
330,49052,,,,,
328,49063,,,,,
323,49075,,,,,
327,49086,,,,,
331,49097,,,,,
337,49110,,,,,
336,49121,,,,,
322,49132,,,,,
337,49143,,,,,
335,49155,,,,,
335,49167,,,,,
335,49178,,,,,
349,49189,,,,,
348,49201,,,,,
346,49212,,,,,
350,49223,,,,,
350,49235,,,,,
339,49247,,,,,
340,49258,,,,,
337,49269,,,,,
328,49281,,,,,
340,49292,,,,,
336,49304,,,,,
337,49315,,,,,
333,49327,,,,,
352,49338,,,,,
445,49349,,,,,
457,49360,,,,,
372,49373,,,,,
324,49384,,,,,
323,49395,,,,,
323,49406,,,,,
324,49418,,,,,
326,49429,,,,,
339,49441,,,,,
335,49453,,,,,
332,49464,,,,,
338,49475,,,,,
339,49486,,,,,
346,49499,,,,,
341,49510,,,,,
345,49521,,,,,
339,49532,,,,,
349,49544,,,,,
343,49555,,,,,
352,49567,,,,,
356,49579,,,,,
360,49590,,,,,
356,49601,,,,,
361,49612,,,,,
360,49624,,,,,
353,49636,,,,,
350,49647,,,,,
345,49658,,,,,
332,49670,,,,,
329,49681,,,,,
324,49692,,,,,
331,49704,,,,,
332,49716,,,,,
332,49727,,,,,
327,49738,,,,,
324,49750,,,,,
329,49761,,,,,
326,49773,,,,,
333,49784,,,,,
327,49796,,,,,
325,49807,,,,,
328,49818,,,,,
334,49829,,,,,
334,49842,,,,,
333,49853,,,,,
333,49864,,,,,
329,49875,,,,,
331,49887,,,,,
333,49899,,,,,
333,49910,,,,,
339,49922,,,,,
342,49933,,,,,
346,49944,,,,,
354,49955,,,,,
341,49968,,,,,
333,49979,,,,,
329,49990,,,,,
324,50001,,,,,
317,50013,,,,,
330,50024,,,,,
320,50036,,,,,
326,50048,,,,,
334,50059,,,,,
347,50070,,,,,
423,50081,,,,,
438,50093,,,,,
350,50105,,,,,
317,50116,,,,,
327,50127,,,,,
330,50139,,,,,
333,50150,,,,,
331,50161,,,,,
337,50173,,,,,
336,50185,,,,,
327,50196,,,,,
340,50207,,,,,
343,50219,,,,,
346,50231,,,,,
349,50242,,,,,
350,50253,,,,,
353,50265,,,,,
353,50276,,,,,
355,50287,,,,,
355,50299,,,,,
363,50311,,,,,
363,50322,,,,,
367,50333,,,,,
365,50344,,,,,
371,50356,,,,,
366,50368,,,,,
359,50379,,,,,
353,50391,,,,,
336,50402,,,,,
343,50413,,,,,
340,50424,,,,,
333,50437,,,,,
340,50448,,,,,
342,50459,,,,,
337,50470,,,,,
340,50482,,,,,
343,50493,,,,,
339,50505,,,,,
343,50516,,,,,
342,50528,,,,,
342,50539,,,,,
339,50550,,,,,
347,50562,,,,,
337,50574,,,,,
331,50585,,,,,
337,50596,,,,,
337,50608,,,,,
344,50619,,,,,
344,50631,,,,,
345,50642,,,,,
347,50654,,,,,
343,50665,,,,,
336,50676,,,,,
327,50688,,,,,
320,50700,,,,,
322,50711,,,,,
327,50722,,,,,
325,50734,,,,,
330,50745,,,,,
327,50756,,,,,
320,50768,,,,,
338,50780,,,,,
429,50791,,,,,
431,50802,,,,,
348,50813,,,,,
327,50825,,,,,
315,50837,,,,,
323,50848,,,,,
319,50860,,,,,
317,50871,,,,,
315,50882,,,,,
325,50893,,,,,
317,50906,,,,,
321,50917,,,,,
321,50928,,,,,
321,50939,,,,,
331,50951,,,,,
330,50963,,,,,
333,50974,,,,,
331,50985,,,,,
339,50997,,,,,
345,51008,,,,,
344,51019,,,,,
347,51032,,,,,
351,51043,,,,,
353,51054,,,,,
355,51065,,,,,
357,51077,,,,,
355,51088,,,,,
337,51100,,,,,
333,51111,,,,,
336,51123,,,,,
327,51134,,,,,
332,51145,,,,,
333,51156,,,,,
336,51169,,,,,
333,51180,,,,,
338,51191,,,,,
330,51203,,,,,
339,51214,,,,,
340,51225,,,,,
339,51237,,,,,
341,51249,,,,,
342,51260,,,,,
348,51271,,,,,
343,51282,,,,,
349,51294,,,,,
340,51306,,,,,
343,51317,,,,,
346,51329,,,,,
350,51340,,,,,
355,51351,,,,,
352,51363,,,,,
351,51375,,,,,
350,51386,,,,,
346,51397,,,,,
331,51408,,,,,
339,51420,,,,,
336,51432,,,,,
331,51443,,,,,
335,51454,,,,,
330,51466,,,,,
331,51477,,,,,
328,51488,,,,,
361,51501,,,,,
439,51512,,,,,
417,51523,,,,,
345,51534,,,,,
325,51546,,,,,
320,51557,,,,,
319,51569,,,,,
322,51580,,,,,
324,51592,,,,,
323,51603,,,,,
331,51614,,,,,
323,51625,,,,,
327,51638,,,,,
320,51649,,,,,
336,51660,,,,,
328,51672,,,,,
337,51683,,,,,
344,51695,,,,,
341,51706,,,,,
342,51718,,,,,
344,51729,,,,,
343,51740,,,,,
350,51751,,,,,
350,51764,,,,,
359,51775,,,,,
356,51786,,,,,
351,51798,,,,,
350,51809,,,,,
337,51820,,,,,
333,51832,,,,,
329,51844,,,,,
323,51855,,,,,
331,51866,,,,,
333,51877,,,,,
338,51889,,,,,
326,51901,,,,,
333,51912,,,,,
330,51923,,,,,
331,51935,,,,,
325,51946,,,,,
332,51957,,,,,
331,51970,,,,,
334,51981,,,,,
341,51992,,,,,
336,52003,,,,,
334,52015,,,,,
332,52026,,,,,
336,52038,,,,,
334,52049,,,,,
341,52061,,,,,
342,52072,,,,,
340,52083,,,,,
351,52096,,,,,
343,52107,,,,,
332,52118,,,,,
328,52129,,,,,
325,52141,,,,,
325,52152,,,,,
331,52164,,,,,
326,52175,,,,,
329,52187,,,,,
322,52198,,,,,
338,52209,,,,,
417,52220,,,,,
430,52233,,,,,
347,52244,,,,,
324,52255,,,,,
320,52267,,,,,
321,52278,,,,,
318,52289,,,,,
321,52301,,,,,
322,52313,,,,,
319,52324,,,,,
323,52335,,,,,
328,52346,,,,,
331,52358,,,,,
321,52370,,,,,
329,52381,,,,,
333,52392,,,,,
337,52404,,,,,
341,52415,,,,,
345,52427,,,,,
343,52439,,,,,
344,52450,,,,,
352,52461,,,,,
349,52472,,,,,
352,52484,,,,,
354,52496,,,,,
350,52507,,,,,
341,52518,,,,,
335,52530,,,,,
322,52541,,,,,
321,52552,,,,,
322,52564,,,,,
324,52576,,,,,
321,52587,,,,,
325,52598,,,,,
325,52610,,,,,
322,52621,,,,,
323,52633,,,,,
327,52644,,,,,
331,52656,,,,,
331,52667,,,,,
325,52678,,,,,
326,52689,,,,,
325,52702,,,,,
334,52713,,,,,
322,52724,,,,,
330,52736,,,,,
323,52747,,,,,
325,52758,,,,,
329,52770,,,,,
326,52782,,,,,
338,52793,,,,,
337,52804,,,,,
339,52815,,,,,
341,52828,,,,,
339,52839,,,,,
341,52850,,,,,
330,52861,,,,,
329,52873,,,,,
328,52884,,,,,
335,52896,,,,,
328,52908,,,,,
328,52919,,,,,
332,52930,,,,,
327,52941,,,,,
324,52953,,,,,
399,52965,,,,,
447,52976,,,,,
377,52987,,,,,
332,52999,,,,,
326,53010,,,,,
321,53021,,,,,
323,53033,,,,,
323,53045,,,,,
327,53056,,,,,
332,53067,,,,,
330,53079,,,,,
336,53090,,,,,
335,53102,,,,,
337,53113,,,,,
335,53125,,,,,
339,53136,,,,,
341,53147,,,,,
347,53159,,,,,
343,53171,,,,,
353,53182,,,,,
350,53193,,,,,
357,53204,,,,,
362,53216,,,,,
357,53228,,,,,
365,53239,,,,,
363,53251,,,,,
358,53262,,,,,
345,53273,,,,,
337,53284,,,,,
339,53297,,,,,
331,53308,,,,,
334,53319,,,,,
339,53330,,,,,
339,53342,,,,,
335,53353,,,,,
341,53365,,,,,
344,53377,,,,,
347,53388,,,,,
339,53399,,,,,
346,53410,,,,,
339,53422,,,,,
343,53434,,,,,
347,53445,,,,,
343,53456,,,,,
338,53468,,,,,
340,53479,,,,,
340,53490,,,,,
345,53502,,,,,
341,53514,,,,,
342,53525,,,,,
339,53536,,,,,
338,53548,,,,,
344,53560,,,,,
342,53571,,,,,
342,53582,,,,,
350,53594,,,,,
352,53605,,,,,
349,53616,,,,,
353,53628,,,,,
336,53640,,,,,
331,53651,,,,,
327,53662,,,,,
332,53673,,,,,
335,53685,,,,,
328,53697,,,,,
325,53708,,,,,
330,53720,,,,,
326,53731,,,,,
380,53742,,,,,
447,53753,,,,,
395,53766,,,,,
334,53777,,,,,
315,53788,,,,,
313,53799,,,,,
306,53811,,,,,
325,53822,,,,,
318,53834,,,,,
320,53846,,,,,
319,53857,,,,,
323,53868,,,,,
320,53879,,,,,
314,53892,,,,,
335,53903,,,,,
332,53914,,,,,
328,53925,,,,,
332,53937,,,,,
334,53948,,,,,
343,53960,,,,,
345,53971,,,,,
353,53983,,,,,
354,53994,,,,,
351,54005,,,,,
355,54017,,,,,
358,54029,,,,,
358,54040,,,,,
349,54051,,,,,
343,54063,,,,,
340,54074,,,,,
333,54085,,,,,
335,54097,,,,,
333,54109,,,,,
329,54120,,,,,
336,54131,,,,,
333,54142,,,,,
332,54154,,,,,
335,54166,,,,,
337,54177,,,,,
336,54189,,,,,
334,54200,,,,,
334,54211,,,,,
332,54222,,,,,
339,54235,,,,,
339,54246,,,,,
341,54257,,,,,
340,54268,,,,,
337,54280,,,,,
338,54292,,,,,
335,54303,,,,,
335,54315,,,,,
337,54326,,,,,
344,54337,,,,,
332,54348,,,,,
337,54361,,,,,
333,54372,,,,,
345,54383,,,,,
342,54394,,,,,
354,54406,,,,,
352,54417,,,,,
349,54429,,,,,
351,54440,,,,,
341,54452,,,,,
341,54463,,,,,
341,54474,,,,,
340,54486,,,,,
339,54498,,,,,
349,54509,,,,,
342,54520,,,,,
335,54532,,,,,
376,54543,,,,,
456,54554,,,,,
430,54566,,,,,
360,54578,,,,,
340,54589,,,,,
330,54600,,,,,
330,54611,,,,,
334,54624,,,,,
342,54635,,,,,
334,54646,,,,,
333,54658,,,,,
340,54669,,,,,
342,54680,,,,,
341,54692,,,,,
342,54704,,,,,
348,54715,,,,,
337,54726,,,,,
344,54737,,,,,
350,54749,,,,,
347,54761,,,,,
336,54772,,,,,
328,54784,,,,,
323,54795,,,,,
323,54806,,,,,
331,54817,,,,,
328,54830,,,,,
319,54841,,,,,
319,54852,,,,,
313,54863,,,,,
297,54875,,,,,
303,54886,,,,,
301,54898,,,,,
301,54909,,,,,
295,54921,,,,,
301,54932,,,,,
299,54943,,,,,
307,54955,,,,,
313,54967,,,,,
307,54978,,,,,
309,54989,,,,,
313,55001,,,,,
308,55012,,,,,
312,55024,,,,,
314,55035,,,,,
319,55047,,,,,
311,55058,,,,,
321,55069,,,,,
318,55080,,,,,
312,55093,,,,,
315,55104,,,,,
320,55115,,,,,
325,55127,,,,,
322,55138,,,,,
324,55149,,,,,
322,55161,,,,,
329,55173,,,,,
331,55184,,,,,
327,55195,,,,,
337,55206,,,,,
340,55218,,,,,
343,55230,,,,,
325,55241,,,,,
323,55252,,,,,
324,55264,,,,,
330,55275,,,,,
323,55286,,,,,
328,55299,,,,,
329,55310,,,,,
323,55321,,,,,
336,55332,,,,,
388,55344,,,,,
445,55356,,,,,
368,55367,,,,,
327,55378,,,,,
324,55390,,,,,
323,55401,,,,,
312,55412,,,,,
320,55425,,,,,
316,55436,,,,,
322,55447,,,,,
325,55458,,,,,
332,55470,,,,,
334,55481,,,,,
343,55493,,,,,
341,55504,,,,,
344,55516,,,,,
349,55527,,,,,
344,55538,,,,,
356,55549,,,,,
358,55562,,,,,
355,55573,,,,,
357,55584,,,,,
365,55596,,,,,
362,55607,,,,,
365,55618,,,,,
368,55630,,,,,
363,55642,,,,,
355,55653,,,,,
346,55664,,,,,
342,55675,,,,,
338,55687,,,,,
331,55699,,,,,
336,55710,,,,,
334,55721,,,,,
334,55733,,,,,
338,55744,,,,,
334,55756,,,,,
341,55768,,,,,
330,55779,,,,,
344,55790,,,,,
347,55801,,,,,
344,55813,,,,,
339,55825,,,,,
338,55836,,,,,
340,55847,,,,,
337,55859,,,,,
339,55870,,,,,
340,55881,,,,,
341,55894,,,,,
332,55905,,,,,
332,55916,,,,,
339,55927,,,,,
332,55939,,,,,
335,55950,,,,,
340,55962,,,,,
340,55973,,,,,
347,55985,,,,,
345,55996,,,,,
344,56007,,,,,
337,56018,,,,,
320,56031,,,,,
331,56042,,,,,
324,56053,,,,,
327,56065,,,,,
322,56076,,,,,
327,56088,,,,,
320,56099,,,,,
312,56111,,,,,
375,56122,,,,,
433,56133,,,,,
375,56144,,,,,
329,56157,,,,,
310,56168,,,,,
309,56179,,,,,
311,56190,,,,,
312,56202,,,,,
313,56213,,,,,
319,56225,,,,,
326,56237,,,,,
322,56248,,,,,
326,56259,,,,,
329,56270,,,,,
323,56282,,,,,
330,56294,,,,,
336,56305,,,,,
334,56316,,,,,
334,56328,,,,,
340,56339,,,,,
341,56350,,,,,
354,56363,,,,,
349,56374,,,,,
345,56385,,,,,
341,56396,,,,,
357,56408,,,,,
352,56419,,,,,
339,56431,,,,,
331,56442,,,,,
319,56454,,,,,
318,56465,,,,,
321,56476,,,,,
317,56488,,,,,
328,56500,,,,,
323,56511,,,,,
317,56522,,,,,
318,56534,,,,,
316,56545,,,,,
313,56557,,,,,
317,56568,,,,,
316,56580,,,,,
325,56591,,,,,
318,56602,,,,,
316,56613,,,,,
315,56626,,,,,
315,56637,,,,,
313,56648,,,,,
295,56659,,,,,
309,56671,,,,,
303,56682,,,,,
306,56694,,,,,
311,56706,,,,,
309,56717,,,,,
311,56728,,,,,
308,56739,,,,,
313,56751,,,,,
308,56763,,,,,
315,56774,,,,,
320,56785,,,,,
320,56797,,,,,
321,56808,,,,,
322,56820,,,,,
322,56832,,,,,
324,56843,,,,,
309,56854,,,,,
312,56865,,,,,
307,56877,,,,,
307,56889,,,,,
302,56900,,,,,
316,56911,,,,,
315,56923,,,,,
301,56934,,,,,
334,56945,,,,,
408,56957,,,,,
425,56969,,,,,
340,56980,,,,,
312,56991,,,,,
312,57003,,,,,
309,57014,,,,,
312,57026,,,,,
313,57037,,,,,
315,57049,,,,,
312,57060,,,,,
323,57071,,,,,
326,57082,,,,,
327,57095,,,,,
329,57106,,,,,
334,57117,,,,,
338,57128,,,,,
336,57140,,,,,
345,57151,,,,,
353,57163,,,,,
356,57175,,,,,
361,57186,,,,,
366,57197,,,,,
373,57208,,,,,
370,57221,,,,,
375,57232,,,,,
369,57243,,,,,
364,57254,,,,,
363,57266,,,,,
354,57277,,,,,
349,57289,,,,,
350,57300,,,,,
347,57312,,,,,
346,57323,,,,,
345,57334,,,,,
350,57346,,,,,
349,57358,,,,,
351,57369,,,,,
353,57380,,,,,
351,57392,,,,,
351,57403,,,,,
351,57414,,,,,
352,57426,,,,,
354,57438,,,,,
356,57449,,,,,
347,57460,,,,,
358,57472,,,,,
354,57483,,,,,
352,57495,,,,,
348,57506,,,,,
352,57518,,,,,
350,57529,,,,,
350,57540,,,,,
347,57552,,,,,
351,57564,,,,,
353,57575,,,,,
349,57586,,,,,
350,57597,,,,,
352,57609,,,,,
346,57621,,,,,
343,57632,,,,,
357,57644,,,,,
349,57655,,,,,
357,57666,,,,,
363,57677,,,,,
358,57690,,,,,
355,57701,,,,,
351,57712,,,,,
348,57723,,,,,
343,57735,,,,,
338,57746,,,,,
344,57758,,,,,
335,57769,,,,,
339,57781,,,,,
331,57792,,,,,
375,57803,,,,,
451,57815,,,,,
425,57827,,,,,
350,57838,,,,,
325,57849,,,,,
334,57861,,,,,
320,57872,,,,,
329,57883,,,,,
328,57895,,,,,
332,57907,,,,,
329,57918,,,,,
333,57929,,,,,
336,57940,,,,,
342,57953,,,,,
337,57964,,,,,
339,57975,,,,,
340,57987,,,,,
341,57998,,,,,
339,58009,,,,,
344,58021,,,,,
348,58033,,,,,
351,58044,,,,,
352,58055,,,,,
352,58066,,,,,
357,58078,,,,,
354,58090,,,,,
350,58101,,,,,
347,58113,,,,,
341,58124,,,,,
330,58135,,,,,
329,58146,,,,,
319,58159,,,,,
324,58170,,,,,
322,58181,,,,,
327,58192,,,,,
319,58204,,,,,
326,58215,,,,,
327,58227,,,,,
324,58238,,,,,
318,58250,,,,,
327,58261,,,,,
328,58272,,,,,
331,58285,,,,,
330,58296,,,,,
329,58307,,,,,
324,58318,,,,,
330,58330,,,,,
326,58341,,,,,
322,58353,,,,,
324,58364,,,,,
331,58376,,,,,
324,58387,,,,,
325,58398,,,,,
317,58409,,,,,
331,58422,,,,,
325,58433,,,,,
327,58444,,,,,
334,58456,,,,,
326,58467,,,,,
336,58478,,,,,
337,58490,,,,,
333,58502,,,,,
335,58513,,,,,
336,58524,,,,,
324,58535,,,,,
325,58547,,,,,
324,58559,,,,,
328,58570,,,,,
322,58582,,,,,
322,58593,,,,,
315,58604,,,,,
354,58615,,,,,
421,58628,,,,,
402,58639,,,,,
335,58650,,,,,
314,58661,,,,,
318,58673,,,,,
317,58685,,,,,
322,58696,,,,,
320,58707,,,,,
320,58719,,,,,
317,58730,,,,,
327,58741,,,,,
323,58754,,,,,
321,58765,,,,,
332,58776,,,,,
323,58787,,,,,
331,58799,,,,,
335,58810,,,,,
325,58822,,,,,
324,58833,,,,,
309,58845,,,,,
304,58856,,,,,
303,58867,,,,,
297,58878,,,,,
304,58891,,,,,
305,58902,,,,,
307,58913,,,,,
296,58925,,,,,
291,58936,,,,,
282,58947,,,,,
285,58959,,,,,
276,58971,,,,,
286,58982,,,,,
290,58993,,,,,
288,59004,,,,,
293,59017,,,,,
292,59028,,,,,
295,59039,,,,,
303,59051,,,,,
302,59062,,,,,
305,59073,,,,,
305,59085,,,,,
313,59097,,,,,
313,59108,,,,,
317,59119,,,,,
310,59130,,,,,
318,59142,,,,,
313,59154,,,,,
313,59165,,,,,
320,59176,,,,,
321,59188,,,,,
323,59199,,,,,
326,59210,,,,,
323,59223,,,,,
326,59234,,,,,
330,59245,,,,,
335,59256,,,,,
341,59268,,,,,
342,59279,,,,,
345,59291,,,,,
339,59302,,,,,
331,59314,,,,,
336,59325,,,,,
324,59336,,,,,
323,59347,,,,,
331,59360,,,,,
330,59371,,,,,
328,59382,,,,,
323,59394,,,,,
372,59405,,,,,
430,59417,,,,,
391,59428,,,,,
328,59440,,,,,
318,59451,,,,,
320,59462,,,,,
313,59473,,,,,
310,59486,,,,,
317,59497,,,,,
311,59508,,,,,
313,59520,,,,,
315,59531,,,,,
319,59542,,,,,
313,59554,,,,,
320,59566,,,,,
321,59577,,,,,
321,59588,,,,,
325,59599,,,,,
321,59611,,,,,
329,59623,,,,,
329,59634,,,,,
328,59645,,,,,
323,59657,,,,,
340,59668,,,,,
339,59679,,,,,
336,59692,,,,,
332,59703,,,,,
329,59714,,,,,
317,59725,,,,,
310,59737,,,,,
306,59749,,,,,
304,59760,,,,,
312,59771,,,,,
305,59783,,,,,
313,59794,,,,,
311,59805,,,,,
308,59817,,,,,
319,59829,,,,,
313,59840,,,,,
322,59851,,,,,
324,59863,,,,,
325,59874,,,,,
328,59886,,,,,
329,59897,,,,,
327,59909,,,,,
330,59920,,,,,
319,59931,,,,,
329,59942,,,,,
293,59955,,,,,
226,59966,,,,,
210,59977,,,,,
218,59988,,,,,
221,60000,,,,,
225,60011,,,,,
